Name,Repository,Category,TagName,TagLastPushed,TagDigest,TagSize,StarCount,PullCount,DateDownloaded,SubCategories
Name,Repository,Category,TagName,TagLastPushed,TagDigest,TagSize,StarCount,PullCount,DateDownloaded,SubCategories
websphere-liberty,library,Official,kernel-java17-openj9,2024-06-05T11:36:41Z,sha256:de8bfc52e2ce02e3d6c601c8d7ebd2b8ef2ca770077d95746c0e99a7bc51ff1a,119669287,299,23727085,0001-01-01T00:00:00Z,web-servers
websphere-liberty,library,Official,kernel-java11-openj9,2024-06-05T11:36:39Z,sha256:c258c96f99d441cf86b5aae549683256aa3b30fb49d885638c31fc30bea045b7,119293194,299,23727085,0001-01-01T00:00:00Z,web-servers
websphere-liberty,library,Official,full-java17-openj9,2024-06-05T11:36:35Z,sha256:4d4db8e98910d55a82919824f9293e07c9c823b2b5200e3ed17d19338dd5d27e,485530318,299,23727085,0001-01-01T00:00:00Z,web-servers
websphere-liberty,library,Official,full-java11-openj9,2024-06-05T11:36:33Z,sha256:8b4f8f04806e9c96df1de62af675159c0992a2907b26417133aa014fa01469dc,485175858,299,23727085,0001-01-01T00:00:00Z,web-servers
websphere-liberty,library,Official,24.0.0.5-kernel-java17-openj9,2024-06-05T11:36:28Z,sha256:de8bfc52e2ce02e3d6c601c8d7ebd2b8ef2ca770077d95746c0e99a7bc51ff1a,119669287,299,23727085,0001-01-01T00:00:00Z,web-servers
irssi,library,Official,alpine3.20,2024-05-29T23:00:14Z,sha256:54638695015b5e6e60213a6a1b1ad810ea7f846ede5eda1f0fe93b4bb65cf0d3,19724252,172,8216587,0001-01-01T00:00:00Z,
irssi,library,Official,alpine,2024-05-29T23:00:09Z,sha256:54638695015b5e6e60213a6a1b1ad810ea7f846ede5eda1f0fe93b4bb65cf0d3,19724252,172,8216587,0001-01-01T00:00:00Z,
irssi,library,Official,1.4.5-alpine3.20,2024-05-29T22:59:59Z,sha256:54638695015b5e6e60213a6a1b1ad810ea7f846ede5eda1f0fe93b4bb65cf0d3,19724252,172,8216587,0001-01-01T00:00:00Z,
irssi,library,Official,1.4.5-alpine,2024-05-29T22:59:55Z,sha256:54638695015b5e6e60213a6a1b1ad810ea7f846ede5eda1f0fe93b4bb65cf0d3,19724252,172,8216587,0001-01-01T00:00:00Z,
irssi,library,Official,1.4-alpine3.20,2024-05-29T22:59:46Z,sha256:54638695015b5e6e60213a6a1b1ad810ea7f846ede5eda1f0fe93b4bb65cf0d3,19724252,172,8216587,0001-01-01T00:00:00Z,
elasticsearch,library,Official,8.14.0,2024-06-05T21:44:28Z,sha256:dfd92a2938094bdd0fc4203796d7ad3426b72b19b4a29d8b26bb032510c5bed6,629641892,6353,860774525,0001-01-01T00:00:00Z,databases-and-storage
elasticsearch,library,Official,8.13.4,2024-06-05T15:25:20Z,sha256:869aaaef33c8f318cd2905065dbd06275c6073b36d49434cfeeea0271ca67c21,616908316,6353,860774525,0001-01-01T00:00:00Z,databases-and-storage
elasticsearch,library,Official,7.17.21,2024-06-05T15:25:13Z,sha256:57365c7934a18d54176886829e6619dfb7d9a87be7bffb542ae97b4c127d09fa,364191193,6353,860774525,0001-01-01T00:00:00Z,databases-and-storage
elasticsearch,library,Official,8.13.3,2024-05-08T00:25:18Z,sha256:9ab33024ebd4a478c4d71dfed52cb06a30b04cd97fdc7a74ad7ed16cc91ab647,616895473,6353,860774525,0001-01-01T00:00:00Z,databases-and-storage
elasticsearch,library,Official,8.13.0,2024-05-02T12:25:20Z,sha256:9d1cd1491778aceca4490de7ec9f205c3633a277df15473e1ea507d13a5270c6,615310065,6353,860774525,0001-01-01T00:00:00Z,databases-and-storage
jetty,library,Official,jdk21,2024-06-05T09:28:42Z,sha256:b72b8cee5bf2496486b13e21dc0aad8c1331495a607cd2dad209e8577e7ea32a,241084200,405,39715759,0001-01-01T00:00:00Z,web-servers
jetty,library,Official,jdk17,2024-06-05T09:28:41Z,sha256:71ca7c0ca29d57eeb07f29132ba2b416180df8544e3e418f4e4a26cb3a7b1914,227673812,405,39715759,0001-01-01T00:00:00Z,web-servers
jetty,library,Official,9.4.54-jre8-eclipse-temurin,2024-06-05T09:28:40Z,sha256:fe18287907bf3155e34e96b0c66b00f306170430a8324aea866cadb99a8deda2,95478460,405,39715759,0001-01-01T00:00:00Z,web-servers
jetty,library,Official,9.4.54-jre8,2024-06-05T09:28:38Z,sha256:fe18287907bf3155e34e96b0c66b00f306170430a8324aea866cadb99a8deda2,95478460,405,39715759,0001-01-01T00:00:00Z,web-servers
jetty,library,Official,9.4.54-jre21-eclipse-temurin,2024-06-05T09:28:37Z,sha256:fed3b9e92aca091a71342d1861eed4abe00be1a16bb88d120db4f0866840efc8,107073497,405,39715759,0001-01-01T00:00:00Z,web-servers
ghost,library,Official,alpine,2024-06-07T07:38:37Z,sha256:0a29460b35d9eedff9fbe85a9577d15fa04caa0bf83017f28be584aa1012d67a,158780932,1712,361382152,0001-01-01T00:00:00Z,content-management-system
ghost,library,Official,5.84.1-alpine,2024-06-07T07:38:36Z,sha256:0a29460b35d9eedff9fbe85a9577d15fa04caa0bf83017f28be584aa1012d67a,158780932,1712,361382152,0001-01-01T00:00:00Z,content-management-system
ghost,library,Official,5.84.1,2024-06-07T07:38:34Z,sha256:760504704415ef62e15e7d4b7e9b1e09f9e4ad629976e7b8f2c9fa2a64968b3e,186320588,1712,361382152,0001-01-01T00:00:00Z,content-management-system
ghost,library,Official,5.84-alpine,2024-06-07T07:38:32Z,sha256:0a29460b35d9eedff9fbe85a9577d15fa04caa0bf83017f28be584aa1012d67a,158780932,1712,361382152,0001-01-01T00:00:00Z,content-management-system
ghost,library,Official,5.84,2024-06-07T07:38:29Z,sha256:760504704415ef62e15e7d4b7e9b1e09f9e4ad629976e7b8f2c9fa2a64968b3e,186320588,1712,361382152,0001-01-01T00:00:00Z,content-management-system
percona,library,Official,psmdb-6.0.6,2024-06-07T05:56:50Z,sha256:cc40737a9808ebc2dea3afb14ef06e6326c1fc9e36998fb7a97ca52492d13e41,286535501,629,178449172,0001-01-01T00:00:00Z,databases-and-storage
percona,library,Official,psmdb-6.0,2024-06-07T05:56:49Z,sha256:cc40737a9808ebc2dea3afb14ef06e6326c1fc9e36998fb7a97ca52492d13e41,286535501,629,178449172,0001-01-01T00:00:00Z,databases-and-storage
percona,library,Official,psmdb-5.0.18,2024-06-07T05:56:46Z,sha256:32c2cd66a3743c33db26125d47c9e343fb2301c8f42d5c9a247217f68fd28e58,263022990,629,178449172,0001-01-01T00:00:00Z,databases-and-storage
percona,library,Official,psmdb-5.0,2024-06-07T05:56:45Z,sha256:32c2cd66a3743c33db26125d47c9e343fb2301c8f42d5c9a247217f68fd28e58,263022990,629,178449172,0001-01-01T00:00:00Z,databases-and-storage
percona,library,Official,psmdb-4.4.22,2024-06-07T05:56:41Z,sha256:813c5a609ea503d65e14ba27ac3d6dfbc4cc1835d67de0b05e4b8d220763f7cc,250413579,629,178449172,0001-01-01T00:00:00Z,databases-and-storage
aerospike,library,Official,ee-7.1.0.1_1,2024-06-05T14:25:24Z,sha256:694e38302e2e370dbc22592546bca87ac10cfdd852aa380f6171c96186fd1552,81987572,144,17906309,0001-01-01T00:00:00Z,databases-and-storage
aerospike,library,Official,ee-7.1.0.1,2024-06-05T14:25:22Z,sha256:694e38302e2e370dbc22592546bca87ac10cfdd852aa380f6171c96186fd1552,81987572,144,17906309,0001-01-01T00:00:00Z,databases-and-storage
aerospike,library,Official,ce-7.1.0.1_1,2024-06-05T14:25:17Z,sha256:4dd7e0f2b18337ca856532e1da16e86c306a8c5b1184ce11c54616222e0b099c,78685761,144,17906309,0001-01-01T00:00:00Z,databases-and-storage
aerospike,library,Official,ce-7.1.0.1,2024-06-05T14:25:14Z,sha256:4dd7e0f2b18337ca856532e1da16e86c306a8c5b1184ce11c54616222e0b099c,78685761,144,17906309,0001-01-01T00:00:00Z,databases-and-storage
aerospike,library,Official,ee-7.1.0.0_2,2024-06-01T02:25:28Z,sha256:d45e454d315ad6d5e11507d84c8342d805ccc34be8bf14bd995fb354bc7892bb,81979253,144,17906309,0001-01-01T00:00:00Z,databases-and-storage
logstash,library,Official,8.14.0,2024-06-05T22:07:32Z,sha256:3d014570de8323bad2f871a5c14c0925ba7ed9458ee4d0d5de7e64e886a16f46,487022417,2197,193145622,0001-01-01T00:00:00Z,monitoring-and-observability
logstash,library,Official,7.17.21,2024-06-05T18:53:14Z,sha256:9ec61145e5ab06af9ac9fcf3d9eb438912c72d22bf06f03f52e5ce6b9c9346df,444979767,2197,193145622,0001-01-01T00:00:00Z,monitoring-and-observability
logstash,library,Official,8.13.4,2024-06-05T04:21:00Z,sha256:cb287e5632fb8709e1d504ee0fdb56b3e27ee7864454f3a604da4b3c4e40ed6a,486591032,2197,193145622,0001-01-01T00:00:00Z,monitoring-and-observability
logstash,library,Official,8.13.3,2024-05-08T03:53:16Z,sha256:e6a7315bbb029497f592636b6bc08e8b269856d9b9a36cb3d171231625e143ed,486378595,2197,193145622,0001-01-01T00:00:00Z,monitoring-and-observability
logstash,library,Official,7.17.20,2024-05-02T15:53:13Z,sha256:b9eb321f3519b57c73ff5bb203b099f6bd1f84bbc801b4bed10d256cc89e6909,444616527,2197,193145622,0001-01-01T00:00:00Z,monitoring-and-observability
julia,library,Official,bullseye,2024-06-06T11:51:30Z,sha256:d9cf12e1c85f12f48d945ea36921593286fdef491a19e0e5bcd4ed41f73f8f9f,209880083,333,14927502,0001-01-01T00:00:00Z,languages-and-frameworks
julia,library,Official,bookworm,2024-06-06T11:51:28Z,sha256:691bd14616f278e6773ee5d7d0edd6346f39ce345307b9189b2ce808920fb278,210887618,333,14927502,0001-01-01T00:00:00Z,languages-and-frameworks
julia,library,Official,1.10.4-bullseye,2024-06-06T11:50:47Z,sha256:d9cf12e1c85f12f48d945ea36921593286fdef491a19e0e5bcd4ed41f73f8f9f,209880083,333,14927502,0001-01-01T00:00:00Z,languages-and-frameworks
julia,library,Official,1.10.4-bookworm,2024-06-06T11:50:44Z,sha256:691bd14616f278e6773ee5d7d0edd6346f39ce345307b9189b2ce808920fb278,210887618,333,14927502,0001-01-01T00:00:00Z,languages-and-frameworks
julia,library,Official,1.10.4,2024-06-06T11:50:40Z,sha256:797606769b77fa69e23dbb9cba67b0850f5a5b6a901d58b96be5f400d3313b19,210887618,333,14927502,0001-01-01T00:00:00Z,languages-and-frameworks
alpine,library,Official,3.20.0,2024-05-22T18:50:47Z,sha256:77726ef6b57ddf65bb551896826ec38bc3e53f75cdde31354fbffb4f25238ebd,3622094,10883,10501216760,0001-01-01T00:00:00Z,operating-systems
alpine,library,Official,3.20,2024-05-22T18:50:42Z,sha256:77726ef6b57ddf65bb551896826ec38bc3e53f75cdde31354fbffb4f25238ebd,3622094,10883,10501216760,0001-01-01T00:00:00Z,operating-systems
alpine,library,Official,3,2024-05-22T18:50:23Z,sha256:77726ef6b57ddf65bb551896826ec38bc3e53f75cdde31354fbffb4f25238ebd,3622094,10883,10501216760,0001-01-01T00:00:00Z,operating-systems
alpine,library,Official,edge,2024-03-29T23:02:09Z,sha256:e31c3b1cd47718260e1b6163af0a05b3c428dc01fa410baf72ca8b8076e22e72,3590997,10883,10501216760,0001-01-01T00:00:00Z,operating-systems
alpine,library,Official,20240329,2024-03-29T23:01:43Z,sha256:e31c3b1cd47718260e1b6163af0a05b3c428dc01fa410baf72ca8b8076e22e72,3590997,10883,10501216760,0001-01-01T00:00:00Z,operating-systems
rakudo-star,library,Official,alpine,2024-05-22T19:33:15Z,sha256:e1fa03c5ca328034fef35a65601ebd9fd003397b29c66316dd61abdac349b681,47345920,60,2482434,0001-01-01T00:00:00Z,languages-and-frameworks
rakudo-star,library,Official,2024.04-alpine,2024-05-22T19:33:13Z,sha256:e1fa03c5ca328034fef35a65601ebd9fd003397b29c66316dd61abdac349b681,47345920,60,2482434,0001-01-01T00:00:00Z,languages-and-frameworks
rakudo-star,library,Official,bookworm,2024-05-14T16:59:38Z,sha256:904cd63ae7e9df73c3919bef7c27792a3179abf4719eca6cc8391e8235fa3ef2,181482114,60,2482434,0001-01-01T00:00:00Z,languages-and-frameworks
rakudo-star,library,Official,2024.04,2024-05-14T16:59:32Z,sha256:904cd63ae7e9df73c3919bef7c27792a3179abf4719eca6cc8391e8235fa3ef2,181482114,60,2482434,0001-01-01T00:00:00Z,languages-and-frameworks
rakudo-star,library,Official,2024.03,2024-04-24T15:26:08Z,sha256:6b220f0d118b8bd1803d52a697348ee52e15995e06eaf5d6d98e9fcf407c4af6,181387755,60,2482434,0001-01-01T00:00:00Z,languages-and-frameworks
drupal,library,Official,7.101-php8.2-fpm-bullseye,2024-06-07T11:12:24Z,sha256:5f61e9930a7b7c2e861bd5043f9731b4908517bb44de167b0052df5b2c2bf446,167366283,1037,193290007,0001-01-01T00:00:00Z,content-management-system
drupal,library,Official,7.101-php8.2-fpm-bookworm,2024-06-07T11:12:20Z,sha256:9922f13cb615232a8edc59e92903791cb81f37e07e1bfb1159b428e6c031dccc,179115774,1037,193290007,0001-01-01T00:00:00Z,content-management-system
drupal,library,Official,7.101-php8.2-fpm,2024-06-07T11:12:07Z,sha256:9922f13cb615232a8edc59e92903791cb81f37e07e1bfb1159b428e6c031dccc,179115774,1037,193290007,0001-01-01T00:00:00Z,content-management-system
drupal,library,Official,7.101-php8.2-apache-bullseye,2024-06-07T11:12:03Z,sha256:7f7b1005a2e0026673e2a674ea021452a048c64538926876f0c7904a91cef6cc,171507713,1037,193290007,0001-01-01T00:00:00Z,content-management-system
drupal,library,Official,7.101-php8.2-apache-bookworm,2024-06-07T11:12:00Z,sha256:c27d552969065d75ed0e317c37ad6f1caf6b97147198b98d4bf9b975f11fa342,183108288,1037,193290007,0001-01-01T00:00:00Z,content-management-system
cassandra,library,Official,jammy,2024-06-05T15:39:49Z,sha256:52510388c3c29080a9cb6056e49939905a8e36eb9ae191fda32e574b5c591b70,154572784,1542,211080924,0001-01-01T00:00:00Z,databases-and-storage
cassandra,library,Official,5.0-jammy,2024-06-05T15:39:47Z,sha256:122f5346ea536a4925fdf0eb8948a14dfd2d477e9909b023c6aed1a9ce96abcb,183417634,1542,211080924,0001-01-01T00:00:00Z,databases-and-storage
cassandra,library,Official,5.0-beta1-jammy,2024-06-05T15:39:45Z,sha256:122f5346ea536a4925fdf0eb8948a14dfd2d477e9909b023c6aed1a9ce96abcb,183417634,1542,211080924,0001-01-01T00:00:00Z,databases-and-storage
cassandra,library,Official,5.0-beta1,2024-06-05T15:39:43Z,sha256:122f5346ea536a4925fdf0eb8948a14dfd2d477e9909b023c6aed1a9ce96abcb,183417634,1542,211080924,0001-01-01T00:00:00Z,databases-and-storage
cassandra,library,Official,5.0,2024-06-05T15:39:41Z,sha256:122f5346ea536a4925fdf0eb8948a14dfd2d477e9909b023c6aed1a9ce96abcb,183417634,1542,211080924,0001-01-01T00:00:00Z,databases-and-storage
sonarqube,library,Official,lts-enterprise,2024-06-05T20:55:45Z,sha256:acb0598976f68e4b68a2d1ab02596d57395448db61245710dd445204de353e71,505907046,2397,1067315424,0001-01-01T00:00:00Z,integration-and-delivery
sonarqube,library,Official,lts-developer,2024-06-05T20:55:44Z,sha256:fb91cab8e29495ced602e5ac36b18a667514e415f1c4936fd4658d48099339e9,486846942,2397,1067315424,0001-01-01T00:00:00Z,integration-and-delivery
sonarqube,library,Official,lts-datacenter-search,2024-06-05T20:55:43Z,sha256:c34066ad8741d9bc9d9c71be359a1ad02e16b22024e42aa21f6b670f506bc133,530760211,2397,1067315424,0001-01-01T00:00:00Z,integration-and-delivery
sonarqube,library,Official,lts-datacenter-app,2024-06-05T20:55:42Z,sha256:48c744f0f9991b90c80497246ee93a59614bed7f7d9857295e4397f91ebd42b4,530760307,2397,1067315424,0001-01-01T00:00:00Z,integration-and-delivery
sonarqube,library,Official,lts-community,2024-06-05T20:55:41Z,sha256:11ddd66bdeee203327c444af17252075284a0b6b7db24e5aa1d3cd48eadd7681,392281169,2397,1067315424,0001-01-01T00:00:00Z,integration-and-delivery
couchbase,library,Official,enterprise-7.6.1,2024-06-05T05:55:17Z,sha256:fd94ce4abaaccaa55d9d45ed1dd18bcbe1b30ca2bf72a1bb7c9f8d3008b7aeef,726129645,917,86459240,0001-01-01T00:00:00Z,databases-and-storage
couchbase,library,Official,enterprise-7.2.5,2024-06-05T05:55:16Z,sha256:33610f17230b34b1b209fd673fdcf006eba2ae6a976cd7859f8504a56c66f5c7,644222558,917,86459240,0001-01-01T00:00:00Z,databases-and-storage
couchbase,library,Official,enterprise-7.1.6,2024-06-05T05:55:15Z,sha256:89a6edfa8c3c3035dfe48607f09e73f26140f50dfdb7a0b2dda04020b9b302c1,652023613,917,86459240,0001-01-01T00:00:00Z,databases-and-storage
couchbase,library,Official,enterprise-7.0.5,2024-06-05T05:55:14Z,sha256:ef57a9d4fa3b80f1b2e5e8ed9d65e71241e333c267a1a174964a52d67d44b7ee,616705605,917,86459240,0001-01-01T00:00:00Z,databases-and-storage
couchbase,library,Official,enterprise,2024-06-05T05:55:12Z,sha256:fd94ce4abaaccaa55d9d45ed1dd18bcbe1b30ca2bf72a1bb7c9f8d3008b7aeef,726129645,917,86459240,0001-01-01T00:00:00Z,databases-and-storage
ros,library,Official,rolling-ros-core-noble,2024-06-05T06:37:04Z,sha256:5a625fb6e0fc52fa035bad3c7440b9343b1b16a3584e1806d598ff3be732d092,157460105,638,27081439,0001-01-01T00:00:00Z,operating-systems
ros,library,Official,rolling-ros-core,2024-06-05T06:36:58Z,sha256:5a625fb6e0fc52fa035bad3c7440b9343b1b16a3584e1806d598ff3be732d092,157460105,638,27081439,0001-01-01T00:00:00Z,operating-systems
ros,library,Official,rolling-ros-base-noble,2024-06-05T06:36:54Z,sha256:5f04661331f7f5b8436131e062823706575533b394b56891bd9666ca5d878c6e,299756307,638,27081439,0001-01-01T00:00:00Z,operating-systems
ros,library,Official,rolling-ros-base,2024-06-05T06:36:53Z,sha256:5f04661331f7f5b8436131e062823706575533b394b56891bd9666ca5d878c6e,299756307,638,27081439,0001-01-01T00:00:00Z,operating-systems
ros,library,Official,rolling-perception-noble,2024-06-05T06:36:51Z,sha256:a87b57ce7b0bb0fcfe5faa58c8648fc08da53b1e46f0a8ac81ddc44798d65104,623792612,638,27081439,0001-01-01T00:00:00Z,operating-systems
kibana,library,Official,8.14.0,2024-06-05T20:29:46Z,sha256:6e7cedc1ba118d6ecaaa9c30c01ba8eb619abbb5450790a957ce2f31d04220c4,394986553,2727,193923653,0001-01-01T00:00:00Z,monitoring-and-observability
kibana,library,Official,8.13.4,2024-06-05T17:31:04Z,sha256:a43bd7aacd66d144788eb548c12372526ada801d9b57c4aec860cf091aa58db7,375494243,2727,193923653,0001-01-01T00:00:00Z,monitoring-and-observability
kibana,library,Official,7.17.21,2024-06-05T17:30:57Z,sha256:014bf4b7b88ae4aabbfbafc7542be1498b4672883bcf9bdc3581d433d030a75c,360365633,2727,193923653,0001-01-01T00:00:00Z,monitoring-and-observability
kibana,library,Official,8.13.3,2024-05-08T05:11:17Z,sha256:86ad1df55642cf3863c059b8bfb3128c064c5aebf48201da89580317a8630a8a,375497431,2727,193923653,0001-01-01T00:00:00Z,monitoring-and-observability
kibana,library,Official,8.13.0,2024-05-02T14:11:28Z,sha256:d713b80cdb02c0dd484de9bbbac2312e7dab98f09a25b6adbbfa30841649b828,375053138,2727,193923653,0001-01-01T00:00:00Z,monitoring-and-observability
arangodb,library,Official,3.12.0.2,2024-05-31T00:13:32Z,sha256:68fc277b05f4a8cb71e213b5618c55fb7bb7b3b6fbe91837f75a78d264d8c503,302152478,289,36479732,0001-01-01T00:00:00Z,databases-and-storage
arangodb,library,Official,3.12,2024-05-31T00:13:29Z,sha256:68fc277b05f4a8cb71e213b5618c55fb7bb7b3b6fbe91837f75a78d264d8c503,302152478,289,36479732,0001-01-01T00:00:00Z,databases-and-storage
arangodb,library,Official,3.11.9,2024-05-31T00:13:20Z,sha256:b9d98f8e8e09895824b6d30af039e0443587574bd075747f8155662f33ab80ff,252179402,289,36479732,0001-01-01T00:00:00Z,databases-and-storage
arangodb,library,Official,3.11,2024-05-31T00:13:18Z,sha256:b9d98f8e8e09895824b6d30af039e0443587574bd075747f8155662f33ab80ff,252179402,289,36479732,0001-01-01T00:00:00Z,databases-and-storage
arangodb,library,Official,3.10.14,2024-04-05T18:36:35Z,sha256:1ffddb8d6ababf94badbd453d41cfa402d3bd5387cc2d504729872680293671d,225214451,289,36479732,0001-01-01T00:00:00Z,databases-and-storage
gazebo,library,Official,libgazebo11-focal,2024-06-05T06:19:11Z,sha256:606846a1366fe46210b72512cea9b1859531e86bade3582a687523d6b8616df1,610501810,140,4441653,0001-01-01T00:00:00Z,languages-and-frameworks
gazebo,library,Official,libgazebo11,2024-06-05T06:19:10Z,sha256:606846a1366fe46210b72512cea9b1859531e86bade3582a687523d6b8616df1,610501810,140,4441653,0001-01-01T00:00:00Z,languages-and-frameworks
gazebo,library,Official,gzserver11-focal,2024-06-05T06:19:06Z,sha256:4017847bd5406e1e255efc55a192c57dbdc7b4b8691e51abb1f4906d9fded61c,313399073,140,4441653,0001-01-01T00:00:00Z,languages-and-frameworks
gazebo,library,Official,gzserver11,2024-06-05T06:19:05Z,sha256:4017847bd5406e1e255efc55a192c57dbdc7b4b8691e51abb1f4906d9fded61c,313399073,140,4441653,0001-01-01T00:00:00Z,languages-and-frameworks
gazebo,library,Official,libgazebo11-bionic,2023-06-02T01:19:05Z,sha256:c0bc17d5cb72d98c58a862c3b9b2de281538c725c2fa925280588c97176edc3e,547331363,140,4441653,0001-01-01T00:00:00Z,languages-and-frameworks
joomla,library,Official,4.4.5-php8.2-fpm-alpine,2024-06-07T09:06:48Z,sha256:83fff096bb8fe1e7349320affc22d6d333552f4072f8d82cc57afe732e85eba0,92307518,442,83060808,0001-01-01T00:00:00Z,content-management-system
joomla,library,Official,4.4-php8.2-fpm-alpine,2024-06-07T09:06:25Z,sha256:83fff096bb8fe1e7349320affc22d6d333552f4072f8d82cc57afe732e85eba0,92307518,442,83060808,0001-01-01T00:00:00Z,content-management-system
joomla,library,Official,4-php8.2-fpm-alpine,2024-06-07T09:06:01Z,sha256:83fff096bb8fe1e7349320affc22d6d333552f4072f8d82cc57afe732e85eba0,92307518,442,83060808,0001-01-01T00:00:00Z,content-management-system
joomla,library,Official,4-php8.1-fpm-alpine,2024-06-07T09:05:50Z,sha256:7d847f2eec51b38586f778bfa285b5e762ec14a1ad77015e96e7f4656d2cac78,91726283,442,83060808,0001-01-01T00:00:00Z,content-management-system
joomla,library,Official,php8.3-fpm-alpine,2024-06-07T08:21:55Z,sha256:a1c8bd637830bba3b4f5c6aaaa5696b3ae68c3667d0c615d5e59407e224e8e77,91112096,442,83060808,0001-01-01T00:00:00Z,content-management-system
redmine,library,Official,alpine3.20,2024-05-31T07:50:50Z,sha256:502b3fb2e1befe3d8271a48a5d602fcae10de757e24f414116cf1d634cfc111f,186043966,1201,68014881,0001-01-01T00:00:00Z,content-management-system
redmine,library,Official,alpine,2024-05-31T07:50:44Z,sha256:502b3fb2e1befe3d8271a48a5d602fcae10de757e24f414116cf1d634cfc111f,186043966,1201,68014881,0001-01-01T00:00:00Z,content-management-system
redmine,library,Official,5.1.2-alpine3.20,2024-05-31T07:50:37Z,sha256:502b3fb2e1befe3d8271a48a5d602fcae10de757e24f414116cf1d634cfc111f,186043966,1201,68014881,0001-01-01T00:00:00Z,content-management-system
redmine,library,Official,5.1.2-alpine,2024-05-31T07:50:32Z,sha256:502b3fb2e1befe3d8271a48a5d602fcae10de757e24f414116cf1d634cfc111f,186043966,1201,68014881,0001-01-01T00:00:00Z,content-management-system
redmine,library,Official,5.1-alpine3.20,2024-05-31T07:50:24Z,sha256:502b3fb2e1befe3d8271a48a5d602fcae10de757e24f414116cf1d634cfc111f,186043966,1201,68014881,0001-01-01T00:00:00Z,content-management-system
nats,library,Official,scratch,2024-05-22T19:53:47Z,sha256:9442dd994aef18b4da9f6137bd153187d44a2fb38953e33562a521ad92a26ac9,5672973,484,199591552,0001-01-01T00:00:00Z,message-queues
nats,library,Official,linux,2024-05-22T19:53:42Z,sha256:9442dd994aef18b4da9f6137bd153187d44a2fb38953e33562a521ad92a26ac9,5672973,484,199591552,0001-01-01T00:00:00Z,message-queues
nats,library,Official,alpine3.19,2024-05-22T19:53:37Z,sha256:bc74e372ac594e978d24c3086026702e13dcb0a6deb7de699bd98d6881042a6a,9710212,484,199591552,0001-01-01T00:00:00Z,message-queues
nats,library,Official,alpine,2024-05-22T19:53:35Z,sha256:bc74e372ac594e978d24c3086026702e13dcb0a6deb7de699bd98d6881042a6a,9710212,484,199591552,0001-01-01T00:00:00Z,message-queues
nats,library,Official,2.9.25-scratch,2024-05-22T19:53:31Z,sha256:221835222ebe754a566407ee23284a824241795c4df31a49f3e3147c891ca84c,5249567,484,199591552,0001-01-01T00:00:00Z,message-queues
rocket.chat,library,Official,6.6.6,2024-05-14T12:49:36Z,sha256:1e4c2b3911f3a71001009c7a8ec67ba0a3a74b62091df124bb538da9319ad0ad,372843039,808,73999845,0001-01-01T00:00:00Z,
rocket.chat,library,Official,6.6,2024-05-14T12:49:35Z,sha256:1e4c2b3911f3a71001009c7a8ec67ba0a3a74b62091df124bb538da9319ad0ad,372843039,808,73999845,0001-01-01T00:00:00Z,
rocket.chat,library,Official,6.5.5,2024-05-14T12:49:33Z,sha256:7893c3b055bc74c982ea335d03f829afe2ea838792b8f2352cda04787bf2fe5d,375045986,808,73999845,0001-01-01T00:00:00Z,
rocket.chat,library,Official,6.5,2024-05-14T12:49:32Z,sha256:7893c3b055bc74c982ea335d03f829afe2ea838792b8f2352cda04787bf2fe5d,375045986,808,73999845,0001-01-01T00:00:00Z,
rocket.chat,library,Official,6.7.0,2024-04-24T08:53:41Z,sha256:8f5935c50455fcc4d4c251ed30a29c86805e03b3d7528271782c41bf70ca82d4,382579237,808,73999845,0001-01-01T00:00:00Z,
docker,library,Official,windowsservercore-ltsc2022,2024-06-05T23:11:13Z,sha256:335394b4d218b9d69b02260b7919ef7595de36630f6106a78a3a99a6d6c07250,2170865718,2600,2980899991,0001-01-01T00:00:00Z,developer-tools
docker,library,Official,windowsservercore-1809,2024-06-05T23:11:13Z,sha256:e06b073c5cb7e1cc6fd6102d0e56dc5cd19d9ca0b9a214274a30a11d777f84db,2238079428,2600,2980899991,0001-01-01T00:00:00Z,developer-tools
docker,library,Official,windowsservercore,2024-06-05T23:11:12Z,sha256:f63b7f4c754176432cb02b6df9b22363d006a10d4847a4e861c843c9d1e85480,2170865718,2600,2980899991,0001-01-01T00:00:00Z,developer-tools
docker,library,Official,dind-rootless,2024-06-05T23:11:09Z,sha256:afcae59125a98a7416b9b4a767499fb1440e517f4092d3cdf2535c94f77f38dc,151831675,2600,2980899991,0001-01-01T00:00:00Z,developer-tools
docker,library,Official,dind,2024-06-05T23:11:08Z,sha256:a6b5add4d34aff635fbe7f3eb43b5f3b5dc7d9df61ce1f9f8f5fca2739992c19,129866998,2600,2980899991,0001-01-01T00:00:00Z,developer-tools
tomee,library,Official,9.1.3-jre17-Temurin-webprofile,2024-06-05T22:37:16Z,sha256:44291c9f19163aac7b1b14c44ded48989b9aa91fb9ade1817c383282d4bc9e4d,152843761,115,23838103,0001-01-01T00:00:00Z,web-servers
tomee,library,Official,9.1.3-jre17-Temurin-ubuntu-webprofile,2024-06-05T22:37:15Z,sha256:44291c9f19163aac7b1b14c44ded48989b9aa91fb9ade1817c383282d4bc9e4d,152843761,115,23838103,0001-01-01T00:00:00Z,web-servers
tomee,library,Official,9.1.3-jre17-Semeru-webprofile,2024-06-05T22:37:04Z,sha256:978bcdf66155ce1f5b2dd747d5e8735e095ed14e6d6e38567e7a59ba8232f077,161548831,115,23838103,0001-01-01T00:00:00Z,web-servers
tomee,library,Official,9.1.3-jre17-Semeru-ubuntu-webprofile,2024-06-05T22:37:03Z,sha256:978bcdf66155ce1f5b2dd747d5e8735e095ed14e6d6e38567e7a59ba8232f077,161548831,115,23838103,0001-01-01T00:00:00Z,web-servers
tomee,library,Official,9.1.3-jre17-Semeru-ubuntu-plus,2024-06-05T22:37:02Z,sha256:6a193a3dd228fd40eaba755a5a4626ca27a2e80f0e31600a43bad71ca418a828,175216965,115,23838103,0001-01-01T00:00:00Z,web-servers
bonita,library,Official,9.0.0,2024-05-31T02:55:58Z,sha256:3a9d88cb4d54684867374c0678e5f1f57d2980a0c4e85eeff73218a3174332cc,191493413,184,12588716,0001-01-01T00:00:00Z,languages-and-frameworks
bonita,library,Official,9.0,2024-05-31T02:55:56Z,sha256:3a9d88cb4d54684867374c0678e5f1f57d2980a0c4e85eeff73218a3174332cc,191493413,184,12588716,0001-01-01T00:00:00Z,languages-and-frameworks
bonita,library,Official,8.0.0,2024-05-31T02:55:55Z,sha256:1096163abc6eee955d02689b0c9c5625c6047e3c0ee0b1d6205345582cf97543,183447378,184,12588716,0001-01-01T00:00:00Z,languages-and-frameworks
bonita,library,Official,8.0,2024-05-31T02:55:53Z,sha256:1096163abc6eee955d02689b0c9c5625c6047e3c0ee0b1d6205345582cf97543,183447378,184,12588716,0001-01-01T00:00:00Z,languages-and-frameworks
bonita,library,Official,2023.2-u0,2024-05-31T02:55:46Z,sha256:3a9d88cb4d54684867374c0678e5f1f57d2980a0c4e85eeff73218a3174332cc,191493413,184,12588716,0001-01-01T00:00:00Z,languages-and-frameworks
solr,library,Official,slim,2024-06-05T20:21:07Z,sha256:f99c55d38cf2c74d3bbab3b7838b4eb329ab916438498197c269a9d5c9e212a3,156921034,985,314646205,0001-01-01T00:00:00Z,databases-and-storage
solr,library,Official,9.6.1-slim,2024-06-05T20:21:03Z,sha256:f99c55d38cf2c74d3bbab3b7838b4eb329ab916438498197c269a9d5c9e212a3,156921034,985,314646205,0001-01-01T00:00:00Z,databases-and-storage
solr,library,Official,9.6.1,2024-06-05T20:21:00Z,sha256:0dba0f63405a41a6fa5c04cfe050aa9a624652b3b0baafb250cbd2d1dd3a00f8,374862737,985,314646205,0001-01-01T00:00:00Z,databases-and-storage
solr,library,Official,9.6-slim,2024-06-05T20:20:58Z,sha256:f99c55d38cf2c74d3bbab3b7838b4eb329ab916438498197c269a9d5c9e212a3,156921034,985,314646205,0001-01-01T00:00:00Z,databases-and-storage
solr,library,Official,9.6,2024-06-05T20:20:56Z,sha256:0dba0f63405a41a6fa5c04cfe050aa9a624652b3b0baafb250cbd2d1dd3a00f8,374862737,985,314646205,0001-01-01T00:00:00Z,databases-and-storage
neo4j,library,Official,ubi9,2024-06-07T09:14:44Z,sha256:6de2c6aa372bcb51ddc385551c6cda356c437d98c38455aa53237662180a45dd,290484435,1225,278348653,0001-01-01T00:00:00Z,databases-and-storage
neo4j,library,Official,ubi8,2024-06-07T09:14:44Z,sha256:8e33d796eb9f2a6a303160c44d541862eeba22687a81e8feda037a917747b666,318834401,1225,278348653,0001-01-01T00:00:00Z,databases-and-storage
neo4j,library,Official,enterprise-ubi9,2024-06-07T09:14:42Z,sha256:7d47c55dd72bca99f6b7349816720acef66682d99e85b63873496c9a8ab0300d,539090926,1225,278348653,0001-01-01T00:00:00Z,databases-and-storage
neo4j,library,Official,enterprise-ubi8,2024-06-07T09:14:40Z,sha256:ec560a1209bac84f4962e1da1886e321fe5e90d898f42b243e15d63fb550bf69,567441150,1225,278348653,0001-01-01T00:00:00Z,databases-and-storage
neo4j,library,Official,community-ubi9,2024-06-07T09:14:37Z,sha256:6de2c6aa372bcb51ddc385551c6cda356c437d98c38455aa53237662180a45dd,290484435,1225,278348653,0001-01-01T00:00:00Z,databases-and-storage
erlang,library,Official,20.3.8.26-slim,2024-05-31T13:46:44Z,sha256:25ac4826dafd75b6320f468e8d764e7f16deb81e7fa2ba44423a0c582fda4aa1,112126088,363,55245510,0001-01-01T00:00:00Z,languages-and-frameworks
erlang,library,Official,20.3.8-slim,2024-05-31T13:46:40Z,sha256:25ac4826dafd75b6320f468e8d764e7f16deb81e7fa2ba44423a0c582fda4aa1,112126088,363,55245510,0001-01-01T00:00:00Z,languages-and-frameworks
erlang,library,Official,20.3-slim,2024-05-31T13:46:37Z,sha256:25ac4826dafd75b6320f468e8d764e7f16deb81e7fa2ba44423a0c582fda4aa1,112126088,363,55245510,0001-01-01T00:00:00Z,languages-and-frameworks
erlang,library,Official,20-slim,2024-05-31T13:46:32Z,sha256:25ac4826dafd75b6320f468e8d764e7f16deb81e7fa2ba44423a0c582fda4aa1,112126088,363,55245510,0001-01-01T00:00:00Z,languages-and-frameworks
erlang,library,Official,22.3.4.27-slim,2024-05-31T10:47:32Z,sha256:14d6b9bb3e17c93cf434c3310ffb753d1afa58e7f3e1c01f32ffa87977914a9f,111121884,363,55245510,0001-01-01T00:00:00Z,languages-and-frameworks
photon,library,Official,5.0-20240602,2024-06-04T17:30:27Z,sha256:6025840ea26e67bfc945352c87463b0e478a18e6c8055f2bf09067df2fcdea4f,16124596,195,17097756,0001-01-01T00:00:00Z,operating-systems
photon,library,Official,5.0,2024-06-04T17:30:26Z,sha256:6025840ea26e67bfc945352c87463b0e478a18e6c8055f2bf09067df2fcdea4f,16124596,195,17097756,0001-01-01T00:00:00Z,operating-systems
photon,library,Official,4.0-20240602,2024-06-04T17:30:21Z,sha256:d64c5faf07640e097f33c00b243bd4fda3749cd4eef9ffd446342d2a147fbd36,16179558,195,17097756,0001-01-01T00:00:00Z,operating-systems
photon,library,Official,4.0,2024-06-04T17:30:19Z,sha256:d64c5faf07640e097f33c00b243bd4fda3749cd4eef9ffd446342d2a147fbd36,16179558,195,17097756,0001-01-01T00:00:00Z,operating-systems
photon,library,Official,3.0-20240602,2024-06-04T17:30:15Z,sha256:bca021107fd757539835b5535ac14b0df01880441e14729b9cf81c6dea77c865,15944889,195,17097756,0001-01-01T00:00:00Z,operating-systems
couchdb,library,Official,3.3.3,2024-05-14T19:33:49Z,sha256:d585c55561969b6f79b09d98de22c892646e56c9c6987c47c5267b9ee4d7fb64,89655707,565,189385990,0001-01-01T00:00:00Z,databases-and-storage
couchdb,library,Official,3.3,2024-05-14T19:33:47Z,sha256:d585c55561969b6f79b09d98de22c892646e56c9c6987c47c5267b9ee4d7fb64,89655707,565,189385990,0001-01-01T00:00:00Z,databases-and-storage
couchdb,library,Official,3.1.2,2024-05-14T19:33:43Z,sha256:e74fd54ce04275d3b6df19f74a6b0cfe21617d3cc3f4325cfd6c37f2dd50078c,79794261,565,189385990,0001-01-01T00:00:00Z,databases-and-storage
couchdb,library,Official,3.1,2024-05-14T19:33:42Z,sha256:e74fd54ce04275d3b6df19f74a6b0cfe21617d3cc3f4325cfd6c37f2dd50078c,79794261,565,189385990,0001-01-01T00:00:00Z,databases-and-storage
couchdb,library,Official,3,2024-05-14T19:33:36Z,sha256:d585c55561969b6f79b09d98de22c892646e56c9c6987c47c5267b9ee4d7fb64,89655707,565,189385990,0001-01-01T00:00:00Z,databases-and-storage
notary,library,Official,signer-0.7.0,2024-04-18T21:54:23Z,sha256:62178bbf11d4418d02d8a41f9fd419e95d66e11c5b00909f8638e8673fc4cb00,7573013,74,6566455,0001-01-01T00:00:00Z,security
notary,library,Official,signer,2024-04-18T21:54:21Z,sha256:62178bbf11d4418d02d8a41f9fd419e95d66e11c5b00909f8638e8673fc4cb00,7573013,74,6566455,0001-01-01T00:00:00Z,security
notary,library,Official,server-0.7.0,2024-04-18T21:54:16Z,sha256:ad27fdef19a8ac6ea2ce141adc7dd7d6ecfa757d831a908981bcf205098278a4,7957803,74,6566455,0001-01-01T00:00:00Z,security
notary,library,Official,server,2024-04-18T21:54:12Z,sha256:ad27fdef19a8ac6ea2ce141adc7dd7d6ecfa757d831a908981bcf205098278a4,7957803,74,6566455,0001-01-01T00:00:00Z,security
notary,library,Official,signer-0.6.1-2,2022-04-05T11:38:03Z,,7690976,74,6566455,0001-01-01T00:00:00Z,security
elixir,library,Official,1.12.3-slim,2024-06-02T03:43:53Z,sha256:31986a784eab7ad237b6c2bc2f2c0350e015871754ad387215bd7502890eb7d1,126586520,563,56724865,0001-01-01T00:00:00Z,languages-and-frameworks
elixir,library,Official,1.12.3-otp-24-slim,2024-06-02T03:43:50Z,sha256:31986a784eab7ad237b6c2bc2f2c0350e015871754ad387215bd7502890eb7d1,126586520,563,56724865,0001-01-01T00:00:00Z,languages-and-frameworks
elixir,library,Official,1.12.3-otp-24-alpine,2024-06-02T03:43:48Z,sha256:5e928d8728f059c15413befa0d5c4111c7f9bbb0bd48acc2805a97ebd29f7756,56870862,563,56724865,0001-01-01T00:00:00Z,languages-and-frameworks
elixir,library,Official,1.12.3-alpine,2024-06-02T03:43:43Z,sha256:5e928d8728f059c15413befa0d5c4111c7f9bbb0bd48acc2805a97ebd29f7756,56870862,563,56724865,0001-01-01T00:00:00Z,languages-and-frameworks
elixir,library,Official,1.12-slim,2024-06-02T03:43:38Z,sha256:31986a784eab7ad237b6c2bc2f2c0350e015871754ad387215bd7502890eb7d1,126586520,563,56724865,0001-01-01T00:00:00Z,languages-and-frameworks
lightstreamer,library,Official,7.4.2-jdk8-temurin,2024-06-05T11:24:02Z,sha256:4bcecd48291aafa289ba166ded82ec3c6a8f4f87b7feb703b9e7e94ad2c44efe,210371069,90,5776774,0001-01-01T00:00:00Z,message-queues
lightstreamer,library,Official,7.4.2-jdk8,2024-06-05T11:24:01Z,sha256:4bcecd48291aafa289ba166ded82ec3c6a8f4f87b7feb703b9e7e94ad2c44efe,210371069,90,5776774,0001-01-01T00:00:00Z,message-queues
lightstreamer,library,Official,7.4.2-jdk21-temurin,2024-06-05T11:24:00Z,sha256:6de79e4ae7900b1922a18a45c097a0a28e54cd5a00b01117802304fafaef9eb0,269835483,90,5776774,0001-01-01T00:00:00Z,message-queues
lightstreamer,library,Official,7.4.2-jdk21,2024-06-05T11:23:59Z,sha256:6de79e4ae7900b1922a18a45c097a0a28e54cd5a00b01117802304fafaef9eb0,269835483,90,5776774,0001-01-01T00:00:00Z,message-queues
lightstreamer,library,Official,7.4.2-jdk17-temurin,2024-06-05T11:23:58Z,sha256:7834bf750d55d8cbea3c4365afc749382bc3c530e9b6e236071096801b7bfe35,256425127,90,5776774,0001-01-01T00:00:00Z,message-queues
orientdb,library,Official,3.2.30-tp3,2024-06-05T11:18:26Z,sha256:54ea9e63478d60fdbd17c2996618aa091202ea6fd595cae1523cbc0ecbbb4987,247842420,183,15159809,0001-01-01T00:00:00Z,databases-and-storage
orientdb,library,Official,3.2.30,2024-06-05T11:18:23Z,sha256:f049be45372157d03e3531d37308ff38b3cdecffb9d141aff78a1c356e3315b8,219865446,183,15159809,0001-01-01T00:00:00Z,databases-and-storage
orientdb,library,Official,3.2-tp3,2024-06-05T11:18:21Z,sha256:54ea9e63478d60fdbd17c2996618aa091202ea6fd595cae1523cbc0ecbbb4987,247842420,183,15159809,0001-01-01T00:00:00Z,databases-and-storage
orientdb,library,Official,3.2,2024-06-05T11:18:15Z,sha256:f049be45372157d03e3531d37308ff38b3cdecffb9d141aff78a1c356e3315b8,219865446,183,15159809,0001-01-01T00:00:00Z,databases-and-storage
orientdb,library,Official,3.1.20-tp3,2024-06-05T11:18:10Z,sha256:69cf9cecb241a49970bec9d5295e1192910e51b85c991083ba2313b4a39ab9c2,223035810,183,15159809,0001-01-01T00:00:00Z,databases-and-storage
mongo-express,library,Official,1.0.2-20-alpine3.19,2024-06-05T03:36:29Z,sha256:a79bbed5a848e72f3983da79ca3563443534362ca7d2c7b99ea3c936dfd5fc0d,61400856,1440,239976842,0001-01-01T00:00:00Z,databases-and-storage
mongo-express,library,Official,1.0.2-18-alpine3.19,2024-06-05T03:36:26Z,sha256:7fa842a6a6e57594f7bc6b10eee1b5cfd0ce76bc35539e066fb23cba7af9dbb7,59052213,1440,239976842,0001-01-01T00:00:00Z,databases-and-storage
mongo-express,library,Official,1.0-20-alpine3.19,2024-06-05T03:36:22Z,sha256:a79bbed5a848e72f3983da79ca3563443534362ca7d2c7b99ea3c936dfd5fc0d,61400856,1440,239976842,0001-01-01T00:00:00Z,databases-and-storage
mongo-express,library,Official,1.0-18-alpine3.19,2024-06-05T03:36:19Z,sha256:7fa842a6a6e57594f7bc6b10eee1b5cfd0ce76bc35539e066fb23cba7af9dbb7,59052213,1440,239976842,0001-01-01T00:00:00Z,databases-and-storage
mongo-express,library,Official,1-20-alpine3.19,2024-06-05T03:36:15Z,sha256:a79bbed5a848e72f3983da79ca3563443534362ca7d2c7b99ea3c936dfd5fc0d,61400856,1440,239976842,0001-01-01T00:00:00Z,databases-and-storage
traefik,library,Official,v3.0.1,2024-05-30T21:01:10Z,sha256:9ad110e745f68e15c09a4d6ccc0dc3cd674ab21466c0884b8e7823a445ac4d25,45453550,3212,3279704663,0001-01-01T00:00:00Z,networking
traefik,library,Official,v3.0,2024-05-30T21:01:06Z,sha256:9ad110e745f68e15c09a4d6ccc0dc3cd674ab21466c0884b8e7823a445ac4d25,45453550,3212,3279704663,0001-01-01T00:00:00Z,networking
traefik,library,Official,v2.11.3,2024-05-30T21:01:02Z,sha256:bdda4dc7fabd15b03c0f79287d6caef6878fdd6d588cf46c4e436a2e93e44963,44922345,3212,3279704663,0001-01-01T00:00:00Z,networking
traefik,library,Official,v2.11,2024-05-30T21:00:57Z,sha256:bdda4dc7fabd15b03c0f79287d6caef6878fdd6d588cf46c4e436a2e93e44963,44922345,3212,3279704663,0001-01-01T00:00:00Z,networking
traefik,library,Official,mimolette,2024-05-30T21:00:53Z,sha256:bdda4dc7fabd15b03c0f79287d6caef6878fdd6d588cf46c4e436a2e93e44963,44922345,3212,3279704663,0001-01-01T00:00:00Z,networking
backdrop,library,Official,fpm,2024-06-07T02:20:06Z,sha256:8d5bf9d1aca0d414214f2eccc9f157f698bb5cf362dc28dec15416fe9ffba993,187710662,114,6975022,0001-01-01T00:00:00Z,content-management-system
backdrop,library,Official,apache,2024-06-07T02:20:05Z,sha256:16e2dbeb038e0c402841fd2ad1444d8c96022df2b0731b4efe21d00a6501310c,191673899,114,6975022,0001-01-01T00:00:00Z,content-management-system
backdrop,library,Official,1.26.1-fpm,2024-06-07T02:20:04Z,sha256:8d5bf9d1aca0d414214f2eccc9f157f698bb5cf362dc28dec15416fe9ffba993,187710662,114,6975022,0001-01-01T00:00:00Z,content-management-system
backdrop,library,Official,1.26.1-apache,2024-06-07T02:20:03Z,sha256:16e2dbeb038e0c402841fd2ad1444d8c96022df2b0731b4efe21d00a6501310c,191673899,114,6975022,0001-01-01T00:00:00Z,content-management-system
backdrop,library,Official,1.26.1,2024-06-07T02:20:01Z,sha256:16e2dbeb038e0c402841fd2ad1444d8c96022df2b0731b4efe21d00a6501310c,191673899,114,6975022,0001-01-01T00:00:00Z,content-management-system
consul,library,Official,1.15.4,2024-03-16T08:17:21Z,sha256:10084bbbed746968b0b9f8edab2f8552e44f117e35b88153a5e0a3ad1e15aa1a,58891952,1438,1033856217,0001-01-01T00:00:00Z,
consul,library,Official,1.15,2024-03-16T08:17:19Z,sha256:10084bbbed746968b0b9f8edab2f8552e44f117e35b88153a5e0a3ad1e15aa1a,58891952,1438,1033856217,0001-01-01T00:00:00Z,
consul,library,Official,1.14.8,2024-03-16T08:17:15Z,sha256:da6a5b7d071a84b3b150ce5a452e59e859e7d7c9d8ac141b80e65a2cb8f479c9,56689680,1438,1033856217,0001-01-01T00:00:00Z,
consul,library,Official,1.14,2024-03-16T08:17:13Z,sha256:da6a5b7d071a84b3b150ce5a452e59e859e7d7c9d8ac141b80e65a2cb8f479c9,56689680,1438,1033856217,0001-01-01T00:00:00Z,
consul,library,Official,1.13.9,2024-03-16T08:17:09Z,sha256:e3d9d77297c8c53b4a6b407a7361bb4dd7069b8494dac19baf66ed578c740128,52885265,1438,1033856217,0001-01-01T00:00:00Z,
chronograf,library,Official,1.9.4,2024-06-04T03:38:43Z,sha256:26ed229b33ba93dd08529d1cb2fa1f0e3a9779dbc46c4f9eb26d2a516395dd7f,71490896,361,154620069,0001-01-01T00:00:00Z,monitoring-and-observability
chronograf,library,Official,1.9,2024-06-04T03:38:40Z,sha256:26ed229b33ba93dd08529d1cb2fa1f0e3a9779dbc46c4f9eb26d2a516395dd7f,71490896,361,154620069,0001-01-01T00:00:00Z,monitoring-and-observability
chronograf,library,Official,1.10.5,2024-06-04T03:38:18Z,sha256:cf6bab04e7f150c1ecae89c8e94de6873be3b146e71803d992ac46ad73cf0c5a,84069434,361,154620069,0001-01-01T00:00:00Z,monitoring-and-observability
chronograf,library,Official,1.10,2024-06-04T03:38:14Z,sha256:cf6bab04e7f150c1ecae89c8e94de6873be3b146e71803d992ac46ad73cf0c5a,84069434,361,154620069,0001-01-01T00:00:00Z,monitoring-and-observability
chronograf,library,Official,1.8.10,2024-06-04T00:38:30Z,sha256:bc6359007b7dead8bb3276440c9442514268d44d12951795c4ad58784cff204b,70843298,361,154620069,0001-01-01T00:00:00Z,monitoring-and-observability
influxdb,library,Official,alpine,2024-06-07T06:06:54Z,sha256:8d8eae9bc4eb5db7c4ef41fb1ae3fa03ff8e9bb52d73f36f4c738758a50d54aa,89831672,1871,1038316305,0001-01-01T00:00:00Z,databases-and-storage
influxdb,library,Official,2.7.6-alpine,2024-06-07T06:06:53Z,sha256:8d8eae9bc4eb5db7c4ef41fb1ae3fa03ff8e9bb52d73f36f4c738758a50d54aa,89831672,1871,1038316305,0001-01-01T00:00:00Z,databases-and-storage
influxdb,library,Official,2.7.6,2024-06-07T06:06:52Z,sha256:a42534b9bc2428f2f1a36b40e37bc8f9150211cd66e286ce8b0f85555eb0accc,163963584,1871,1038316305,0001-01-01T00:00:00Z,databases-and-storage
influxdb,library,Official,2.7-alpine,2024-06-07T06:06:50Z,sha256:8d8eae9bc4eb5db7c4ef41fb1ae3fa03ff8e9bb52d73f36f4c738758a50d54aa,89831672,1871,1038316305,0001-01-01T00:00:00Z,databases-and-storage
influxdb,library,Official,2.7,2024-06-07T06:06:49Z,sha256:a42534b9bc2428f2f1a36b40e37bc8f9150211cd66e286ce8b0f85555eb0accc,163963584,1871,1038316305,0001-01-01T00:00:00Z,databases-and-storage
kapacitor,library,Official,1.7.4,2024-06-05T19:26:20Z,sha256:66456a22b94af63f839f27b7fc6d912cfd1ec87b6643d78d62bbe7b7e41efc64,145267869,261,58444032,0001-01-01T00:00:00Z,monitoring-and-observability
kapacitor,library,Official,1.7,2024-06-05T19:26:17Z,sha256:66456a22b94af63f839f27b7fc6d912cfd1ec87b6643d78d62bbe7b7e41efc64,145267869,261,58444032,0001-01-01T00:00:00Z,monitoring-and-observability
kapacitor,library,Official,1.6.6,2024-06-05T19:26:10Z,sha256:a96f8c9089094cf59319d7b59c0dc46cec98d9706d241df5fc5875460fedc85c,139563415,261,58444032,0001-01-01T00:00:00Z,monitoring-and-observability
kapacitor,library,Official,1.6,2024-06-05T19:26:07Z,sha256:a96f8c9089094cf59319d7b59c0dc46cec98d9706d241df5fc5875460fedc85c,139563415,261,58444032,0001-01-01T00:00:00Z,monitoring-and-observability
kapacitor,library,Official,alpine,2024-05-02T01:21:41Z,sha256:9fc5e69e93d3515b9e85356ff85f6f4a1cb04da0ad5e22a0d3563db230f2825a,75007076,261,58444032,0001-01-01T00:00:00Z,monitoring-and-observability
telegraf,library,Official,alpine,2024-05-22T00:10:33Z,sha256:3f9361dbade7fa110267d348f1aececfd28d55e9305f08289af5da388294eb63,68608895,665,595630842,0001-01-01T00:00:00Z,monitoring-and-observability
telegraf,library,Official,1.30.3-alpine,2024-05-22T00:10:31Z,sha256:3f9361dbade7fa110267d348f1aececfd28d55e9305f08289af5da388294eb63,68608895,665,595630842,0001-01-01T00:00:00Z,monitoring-and-observability
telegraf,library,Official,1.30-alpine,2024-05-22T00:10:28Z,sha256:3f9361dbade7fa110267d348f1aececfd28d55e9305f08289af5da388294eb63,68608895,665,595630842,0001-01-01T00:00:00Z,monitoring-and-observability
telegraf,library,Official,1.30.3,2024-05-21T21:10:42Z,sha256:6a2e3704806806f9396c74a72cc5e7ab894204dcb6309879fa3d482c42513589,155343333,665,595630842,0001-01-01T00:00:00Z,monitoring-and-observability
telegraf,library,Official,1.30,2024-05-21T21:10:35Z,sha256:6a2e3704806806f9396c74a72cc5e7ab894204dcb6309879fa3d482c42513589,155343333,665,595630842,0001-01-01T00:00:00Z,monitoring-and-observability
hello-seattle,library,Official,nanoserver,2019-01-03T22:42:57Z,,435399449,14,4900751,0001-01-01T00:00:00Z,
hello-seattle,library,Official,linux,2019-01-01T13:46:59Z,,999,14,4900751,0001-01-01T00:00:00Z,
hello-seattle,library,Official,nanoserver-1809,2019-01-01T10:43:31Z,,134331345,14,4900751,0001-01-01T00:00:00Z,
hello-seattle,library,Official,nanoserver-1803,2019-01-01T10:43:24Z,,146428081,14,4900751,0001-01-01T00:00:00Z,
hello-seattle,library,Official,nanoserver-1709,2019-01-01T10:43:18Z,,137000415,14,4900751,0001-01-01T00:00:00Z,
spiped,library,Official,alpine,2024-06-06T00:33:00Z,sha256:8eb1c144a653e7510fd69a2a1c368328319c0919614966516d06c466cd89774a,3855418,65,3131618,0001-01-01T00:00:00Z,security
spiped,library,Official,1.6.2-alpine,2024-06-06T00:32:57Z,sha256:8eb1c144a653e7510fd69a2a1c368328319c0919614966516d06c466cd89774a,3855418,65,3131618,0001-01-01T00:00:00Z,security
spiped,library,Official,1.6-alpine,2024-06-06T00:32:48Z,sha256:8eb1c144a653e7510fd69a2a1c368328319c0919614966516d06c466cd89774a,3855418,65,3131618,0001-01-01T00:00:00Z,security
spiped,library,Official,1-alpine,2024-06-06T00:32:39Z,sha256:8eb1c144a653e7510fd69a2a1c368328319c0919614966516d06c466cd89774a,3855418,65,3131618,0001-01-01T00:00:00Z,security
spiped,library,Official,1.6.2,2024-05-14T14:33:06Z,sha256:862cc3f862cc8485517ddae23f0011c8077ff7e8af04033ea81bdf7b1da1a9c6,38219358,65,3131618,0001-01-01T00:00:00Z,security
vault,library,Official,1.13.3,2024-03-16T09:21:39Z,sha256:f98ac9dd97b0612746630033771bc7a8c86408a44a056f3f4be47fc576ec3744,97609836,1112,538553366,0001-01-01T00:00:00Z,security
vault,library,Official,1.12.7,2024-03-16T09:21:35Z,sha256:e10b4180139af025e266d7ff10a193f90b474f78cb3a293333b75aed9de98679,86568885,1112,538553366,0001-01-01T00:00:00Z,security
vault,library,Official,1.11.11,2024-03-16T09:21:30Z,sha256:c44ce6d41295b8631956f358b1690b53e626b3ce8495101afe8295a848eb77ef,81823040,1112,538553366,0001-01-01T00:00:00Z,security
vault,library,Official,1.13.2,2023-04-27T19:56:37Z,sha256:eb910358ab988d1f132fbe67869f3a5e63e210f9a4d97dfbb4929a4922ede421,52944948,1112,538553366,0001-01-01T00:00:00Z,security
vault,library,Official,1.12.6,2023-04-27T19:56:14Z,sha256:dca2d65d52400b70a3e4b809dcafb46cf779682601a11cf7a315ab96315f85d6,86027460,1112,538553366,0001-01-01T00:00:00Z,security
clearlinux,library,Official,base,2024-06-03T19:02:00Z,sha256:68cfba7bf2ce144862faa0a9ee86bbb913d254f6b59afd0d6b8c2bd0e4586380,69300831,173,6849027,0001-01-01T00:00:00Z,operating-systems
eggdrop,library,Official,develop,2024-04-01T22:18:36Z,sha256:2bd519dc7301eef1bda0f0e250c7ff5f11dd10afd48acbe26ea7348ba58e0154,16095231,79,2809332,0001-01-01T00:00:00Z,
eggdrop,library,Official,stable,2024-03-16T06:34:06Z,sha256:80cb83320a4382fe26261bd37bc3775605583ef7fe7af4a2613b93e00a1d59fe,11727510,79,2809332,0001-01-01T00:00:00Z,
eggdrop,library,Official,1.9.5,2024-03-16T06:33:59Z,sha256:80cb83320a4382fe26261bd37bc3775605583ef7fe7af4a2613b93e00a1d59fe,11727510,79,2809332,0001-01-01T00:00:00Z,
eggdrop,library,Official,1.9,2024-03-16T06:33:58Z,sha256:80cb83320a4382fe26261bd37bc3775605583ef7fe7af4a2613b93e00a1d59fe,11727510,79,2809332,0001-01-01T00:00:00Z,
eggdrop,library,Official,1.9.4,2023-03-13T17:30:28Z,sha256:12ea1bd2bfd37a770c3a514bad1f1d19386134b26b1071f1b2fdc411578dc903,11707730,79,2809332,0001-01-01T00:00:00Z,
ibmjava,library,Official,sfj,2024-06-05T04:38:43Z,sha256:5d28e156bfa21bd8c90868f4c7a7e0f712e509bdbc05b6fc52c838922f27f1c5,101798180,126,13103034,0001-01-01T00:00:00Z,languages-and-frameworks
ibmjava,library,Official,sdk,2024-06-05T04:38:41Z,sha256:46166ff80d92e21e4c709c824fefc8441722015ffd7c78fbc29352b452abe846,204121128,126,13103034,0001-01-01T00:00:00Z,languages-and-frameworks
ibmjava,library,Official,jre,2024-06-05T04:38:38Z,sha256:b222e06db964a94053fbd10f19ac50d48dad458f4ca70c26dfaf77f4769badb6,166915406,126,13103034,0001-01-01T00:00:00Z,languages-and-frameworks
ibmjava,library,Official,8-sfj,2024-06-05T04:38:36Z,sha256:5d28e156bfa21bd8c90868f4c7a7e0f712e509bdbc05b6fc52c838922f27f1c5,101798180,126,13103034,0001-01-01T00:00:00Z,languages-and-frameworks
ibmjava,library,Official,8-sdk,2024-06-05T04:38:32Z,sha256:46166ff80d92e21e4c709c824fefc8441722015ffd7c78fbc29352b452abe846,204121128,126,13103034,0001-01-01T00:00:00Z,languages-and-frameworks
openjdk,library,Official,23-oraclelinux8,2024-06-07T09:53:09Z,sha256:f1793bea77b8e2147db1b1514211f5f76af9f0e1cf13466a9a94a0d8a386af51,277896406,3919,2479898199,0001-01-01T00:00:00Z,
openjdk,library,Official,23-jdk-oraclelinux8,2024-06-07T09:53:01Z,sha256:f1793bea77b8e2147db1b1514211f5f76af9f0e1cf13466a9a94a0d8a386af51,277896406,3919,2479898199,0001-01-01T00:00:00Z,
openjdk,library,Official,23-ea-oraclelinux8,2024-06-07T09:52:51Z,sha256:f1793bea77b8e2147db1b1514211f5f76af9f0e1cf13466a9a94a0d8a386af51,277896406,3919,2479898199,0001-01-01T00:00:00Z,
openjdk,library,Official,23-ea-jdk-oraclelinux8,2024-06-07T09:52:43Z,sha256:f1793bea77b8e2147db1b1514211f5f76af9f0e1cf13466a9a94a0d8a386af51,277896406,3919,2479898199,0001-01-01T00:00:00Z,
openjdk,library,Official,23-ea-25-oraclelinux8,2024-06-07T09:52:31Z,sha256:f1793bea77b8e2147db1b1514211f5f76af9f0e1cf13466a9a94a0d8a386af51,277896406,3919,2479898199,0001-01-01T00:00:00Z,
kong,library,Official,ubuntu,2024-06-05T07:34:32Z,sha256:97d11d733e672f595741c8fc960f14a39dd3b13fdaad265de08d652f88eb5bd7,98167820,781,323935838,0001-01-01T00:00:00Z,api-management
kong,library,Official,3.7.0-ubuntu,2024-06-05T07:34:30Z,sha256:97d11d733e672f595741c8fc960f14a39dd3b13fdaad265de08d652f88eb5bd7,98167820,781,323935838,0001-01-01T00:00:00Z,api-management
kong,library,Official,3.7.0,2024-06-05T07:34:29Z,sha256:97d11d733e672f595741c8fc960f14a39dd3b13fdaad265de08d652f88eb5bd7,98167820,781,323935838,0001-01-01T00:00:00Z,api-management
kong,library,Official,3.7-ubuntu,2024-06-05T07:34:28Z,sha256:97d11d733e672f595741c8fc960f14a39dd3b13fdaad265de08d652f88eb5bd7,98167820,781,323935838,0001-01-01T00:00:00Z,api-management
kong,library,Official,3.7,2024-06-05T07:34:26Z,sha256:97d11d733e672f595741c8fc960f14a39dd3b13fdaad265de08d652f88eb5bd7,98167820,781,323935838,0001-01-01T00:00:00Z,api-management
zookeeper,library,Official,3.9.2-jre-17,2024-06-05T21:25:14Z,sha256:6b74c4a8332a04b041f4b189f3acef71c4a95280d48f15ddbc8c5d3245029e9b,115269622,1430,300045094,0001-01-01T00:00:00Z,databases-and-storage
zookeeper,library,Official,3.9.2,2024-06-05T21:25:12Z,sha256:6b74c4a8332a04b041f4b189f3acef71c4a95280d48f15ddbc8c5d3245029e9b,115269622,1430,300045094,0001-01-01T00:00:00Z,databases-and-storage
zookeeper,library,Official,3.9-jre-17,2024-06-05T21:25:10Z,sha256:6b74c4a8332a04b041f4b189f3acef71c4a95280d48f15ddbc8c5d3245029e9b,115269622,1430,300045094,0001-01-01T00:00:00Z,databases-and-storage
zookeeper,library,Official,3.9,2024-06-05T21:25:08Z,sha256:6b74c4a8332a04b041f4b189f3acef71c4a95280d48f15ddbc8c5d3245029e9b,115269622,1430,300045094,0001-01-01T00:00:00Z,databases-and-storage
zookeeper,library,Official,3.8.4-jre-17,2024-06-05T21:25:01Z,sha256:59a24890d22db8035dc444ade61e6a46db4e3eca05bc0d672cc2f715ec6246f6,109652240,1430,300045094,0001-01-01T00:00:00Z,databases-and-storage
storm,library,Official,2.6.2-jre17,2024-06-05T19:43:33Z,sha256:0afed6bd5d036a6bfb66986053375883118df74e97ec8541b124e21ee19012d3,563251262,195,8958378,0001-01-01T00:00:00Z,data-science
storm,library,Official,2.6.2,2024-06-05T19:43:31Z,sha256:5be1d5d2d4fadc5002c4bab2048031e31459e8ba294bac19dd8e4fef2c4f731e,563181240,195,8958378,0001-01-01T00:00:00Z,data-science
storm,library,Official,2.6-jre17,2024-06-05T19:43:28Z,sha256:0afed6bd5d036a6bfb66986053375883118df74e97ec8541b124e21ee19012d3,563251262,195,8958378,0001-01-01T00:00:00Z,data-science
storm,library,Official,2.6,2024-06-05T19:43:23Z,sha256:5be1d5d2d4fadc5002c4bab2048031e31459e8ba294bac19dd8e4fef2c4f731e,563181240,195,8958378,0001-01-01T00:00:00Z,data-science
storm,library,Official,2.6.1,2024-04-26T02:42:16Z,sha256:30b04ea70f7446e18b5675d84b37539bec209039b797f5558ca489040e2eab5e,564413143,195,8958378,0001-01-01T00:00:00Z,data-science
plone,library,Official,python38,2024-05-14T18:22:39Z,sha256:99a35f0278a214df2377224f08a6657780ca5df80449a85a1bb03605f8fe0a4b,269009600,96,6625827,0001-01-01T00:00:00Z,content-management-system
plone,library,Official,5.2.13-python38,2024-05-14T18:22:37Z,sha256:954009677bc4746f7fbdd3820e3f46db827e4f5ba6bc729601c7b8fe2a144dec,269009600,96,6625827,0001-01-01T00:00:00Z,content-management-system
plone,library,Official,5.2.13,2024-05-14T18:22:35Z,sha256:954009677bc4746f7fbdd3820e3f46db827e4f5ba6bc729601c7b8fe2a144dec,269009600,96,6625827,0001-01-01T00:00:00Z,content-management-system
plone,library,Official,5.2-python38,2024-05-14T18:22:33Z,sha256:99a35f0278a214df2377224f08a6657780ca5df80449a85a1bb03605f8fe0a4b,269009600,96,6625827,0001-01-01T00:00:00Z,content-management-system
plone,library,Official,5.2,2024-05-14T18:22:32Z,sha256:99a35f0278a214df2377224f08a6657780ca5df80449a85a1bb03605f8fe0a4b,269009600,96,6625827,0001-01-01T00:00:00Z,content-management-system
bash,library,Official,devel-alpine3.20,2024-06-05T03:19:10Z,sha256:b8dcfafbaf71b804416ccf8068819740f765adceb4c9344949c556499225d198,6516833,630,423900514,0001-01-01T00:00:00Z,developer-tools
bash,library,Official,devel-20240603-alpine3.20,2024-06-05T03:19:07Z,sha256:b8dcfafbaf71b804416ccf8068819740f765adceb4c9344949c556499225d198,6516833,630,423900514,0001-01-01T00:00:00Z,developer-tools
bash,library,Official,devel-20240603,2024-06-05T03:19:03Z,sha256:b8dcfafbaf71b804416ccf8068819740f765adceb4c9344949c556499225d198,6516833,630,423900514,0001-01-01T00:00:00Z,developer-tools
bash,library,Official,devel,2024-06-05T03:19:00Z,sha256:b8dcfafbaf71b804416ccf8068819740f765adceb4c9344949c556499225d198,6516833,630,423900514,0001-01-01T00:00:00Z,developer-tools
bash,library,Official,4.0.44-alpine3.20,2024-05-30T12:02:52Z,sha256:2bea41080a7210b6311d3975481c60ff6dc60d92699fe6696d78d27c7976cd3f,5360895,630,423900514,0001-01-01T00:00:00Z,developer-tools
amazonlinux,library,Official,2023.4.20240528.0,2024-06-05T01:22:40Z,sha256:0d172f83b07323d8a8a08ea2242b7d64eb676f013eba269a158f229ce062a24f,52320215,1412,862747637,0001-01-01T00:00:00Z,operating-systems
amazonlinux,library,Official,2023,2024-06-05T01:22:38Z,sha256:0d172f83b07323d8a8a08ea2242b7d64eb676f013eba269a158f229ce062a24f,52320215,1412,862747637,0001-01-01T00:00:00Z,operating-systems
amazonlinux,library,Official,2.0.20240529.0,2024-06-05T01:22:32Z,sha256:cb70fdaf99571444d0059810e27b0c6a192a5e940a77184fa95df00a1e88dac3,62646348,1412,862747637,0001-01-01T00:00:00Z,operating-systems
amazonlinux,library,Official,2,2024-06-05T01:22:30Z,sha256:cb70fdaf99571444d0059810e27b0c6a192a5e940a77184fa95df00a1e88dac3,62646348,1412,862747637,0001-01-01T00:00:00Z,operating-systems
amazonlinux,library,Official,2023.4.20240416.0,2024-04-19T22:27:12Z,sha256:5478f82c47e435ed988fa12a00b623ef3c920fadd669d40c596249cf81960c4c,52323609,1412,862747637,0001-01-01T00:00:00Z,operating-systems
composer,library,Official,2.4.4,2024-06-07T00:55:21Z,sha256:dc224af49903eff930bc4e5927b2362f1559a22ca92504aeca3d71119981403c,68186622,1066,154282208,0001-01-01T00:00:00Z,developer-tools
composer,library,Official,2.4,2024-06-07T00:55:18Z,sha256:dc224af49903eff930bc4e5927b2362f1559a22ca92504aeca3d71119981403c,68186622,1066,154282208,0001-01-01T00:00:00Z,developer-tools
composer,library,Official,2.3.10,2024-06-07T00:55:10Z,sha256:48a865122d7945021cca0975d5b4624caa8315ed78a69962b9b936776d69f5ac,68160242,1066,154282208,0001-01-01T00:00:00Z,developer-tools
composer,library,Official,2.3,2024-06-07T00:55:06Z,sha256:48a865122d7945021cca0975d5b4624caa8315ed78a69962b9b936776d69f5ac,68160242,1066,154282208,0001-01-01T00:00:00Z,developer-tools
composer,library,Official,2.2.23,2024-06-07T00:54:59Z,sha256:ded3b2e3ec0bc084b3e7854cb5b1619bcefcb168347abc226210cd11b8bf3242,68084344,1066,154282208,0001-01-01T00:00:00Z,developer-tools
eclipse-mosquitto,library,Official,openssl,2024-03-16T15:52:36Z,sha256:0953ddaaeb90a9df827a79459265f270888e0e9c1bb96f08b70687be2d583c9a,4140414,1249,615175958,0001-01-01T00:00:00Z,message-queues
eclipse-mosquitto,library,Official,2.0.18-openssl,2024-03-16T15:52:32Z,sha256:0953ddaaeb90a9df827a79459265f270888e0e9c1bb96f08b70687be2d583c9a,4140414,1249,615175958,0001-01-01T00:00:00Z,message-queues
eclipse-mosquitto,library,Official,2.0-openssl,2024-03-16T15:52:27Z,sha256:0953ddaaeb90a9df827a79459265f270888e0e9c1bb96f08b70687be2d583c9a,4140414,1249,615175958,0001-01-01T00:00:00Z,message-queues
eclipse-mosquitto,library,Official,2-openssl,2024-03-16T15:52:22Z,sha256:0953ddaaeb90a9df827a79459265f270888e0e9c1bb96f08b70687be2d583c9a,4140414,1249,615175958,0001-01-01T00:00:00Z,message-queues
eclipse-mosquitto,library,Official,1.6.15-openssl,2024-03-16T15:52:14Z,sha256:e71ec248c4e03c343b99995902cb73002e123c27ba1b8481be5fe5041071081a,4032753,1249,615175958,0001-01-01T00:00:00Z,message-queues
nextcloud,library,Official,stable-fpm,2024-06-07T06:32:57Z,sha256:32158c728d79738b469e9365fb2828b08bcb07e37e99f2977a2c28c4e5c076e9,422068822,4094,939750925,0001-01-01T00:00:00Z,content-management-system
nextcloud,library,Official,stable-apache,2024-06-07T06:32:54Z,sha256:438f028e92f05018387caeec0631ad53a00b50cfbc19b73b4fd3b738c77fb759,425767664,4094,939750925,0001-01-01T00:00:00Z,content-management-system
nextcloud,library,Official,stable,2024-06-07T06:32:51Z,sha256:438f028e92f05018387caeec0631ad53a00b50cfbc19b73b4fd3b738c77fb759,425767664,4094,939750925,0001-01-01T00:00:00Z,content-management-system
nextcloud,library,Official,production-fpm,2024-06-07T06:32:45Z,sha256:32158c728d79738b469e9365fb2828b08bcb07e37e99f2977a2c28c4e5c076e9,422068822,4094,939750925,0001-01-01T00:00:00Z,content-management-system
nextcloud,library,Official,production-apache,2024-06-07T06:32:42Z,sha256:438f028e92f05018387caeec0631ad53a00b50cfbc19b73b4fd3b738c77fb759,425767664,4094,939750925,0001-01-01T00:00:00Z,content-management-system
silverpeas,library,Official,6.3.5,2024-06-05T05:54:26Z,sha256:7b8e5c03079a1b2e8a4d6bb45bba2af7fdc7fcfcb922e0b773c83aabf17737f0,1777196611,45,1881618,0001-01-01T00:00:00Z,content-management-system
silverpeas,library,Official,6.3.4,2024-05-02T03:58:02Z,sha256:a9a4a8f2cd241c5cfcd1ec44c5d32ba636b154bbc490d2e8117381bedf31b483,1777168108,45,1881618,0001-01-01T00:00:00Z,content-management-system
silverpeas,library,Official,6.0.2,2021-08-31T02:35:23Z,,1014925313,45,1881618,0001-01-01T00:00:00Z,content-management-system
silverpeas,library,Official,6.2,2021-04-24T03:09:58Z,,1867239280,45,1881618,0001-01-01T00:00:00Z,content-management-system
silverpeas,library,Official,6.1.2,2021-04-24T03:09:34Z,,1426647796,45,1881618,0001-01-01T00:00:00Z,content-management-system
swift,library,Official,slim,2024-06-07T04:56:18Z,sha256:334a204dabd4187d085b66ba66ac1fbe188f8a2d49943ae287ee28a1510fe49e,90420104,687,26311234,0001-01-01T00:00:00Z,languages-and-frameworks
swift,library,Official,rhel-ubi9-slim,2024-06-07T04:56:17Z,sha256:cce70af0fe5389ad1a9e353946ed658fe99298d30837e004720747d52e7369ef,125291398,687,26311234,0001-01-01T00:00:00Z,languages-and-frameworks
swift,library,Official,rhel-ubi9,2024-06-07T04:56:16Z,sha256:8563bd19e466d3cfe1a3c885fc1872a4a98f779ff02f663212ca08b94d95d694,825537740,687,26311234,0001-01-01T00:00:00Z,languages-and-frameworks
swift,library,Official,noble,2024-06-07T04:56:15Z,sha256:13734b0eeaf0d062977441f53bb10ef90055fedf92d2e0827055b40c396cd341,880616236,687,26311234,0001-01-01T00:00:00Z,languages-and-frameworks
swift,library,Official,mantic,2024-06-07T04:56:13Z,sha256:abbf19a9f8497777ea2e09516c2096fb315d442665aa1d7a68b6cee226cac082,951012448,687,26311234,0001-01-01T00:00:00Z,languages-and-frameworks
haxe,library,Official,4.3.4-windowsservercore-ltsc2022,2024-05-15T23:01:41Z,sha256:b55e25120b0cee66be82faf60c1f42b8b1ee4eedfdded7c8c57ae461363c5262,2138887314,62,24637216,0001-01-01T00:00:00Z,languages-and-frameworks
haxe,library,Official,4.3.4-windowsservercore-1809,2024-05-15T23:01:40Z,sha256:c5640644e9e938256869a609862bd7aed045c41cb13ff14bf8eb12e6864fa8e7,2210314330,62,24637216,0001-01-01T00:00:00Z,languages-and-frameworks
haxe,library,Official,4.3.4-windowsservercore,2024-05-15T23:01:39Z,sha256:456660fc5c93ee86258661f58dad387dc067e67cb5e2ba588350bdaaf12fe3b3,2138887314,62,24637216,0001-01-01T00:00:00Z,languages-and-frameworks
haxe,library,Official,4.3.4,2024-05-15T23:01:31Z,sha256:26b4185003bc19e435b303847c59e359e62b5b48ce55c9785547ba63e51dd396,140094044,62,24637216,0001-01-01T00:00:00Z,languages-and-frameworks
haxe,library,Official,4.3-windowsservercore-ltsc2022,2024-05-15T23:01:28Z,sha256:b55e25120b0cee66be82faf60c1f42b8b1ee4eedfdded7c8c57ae461363c5262,2138887314,62,24637216,0001-01-01T00:00:00Z,languages-and-frameworks
adminer,library,Official,standalone,2024-05-14T09:27:38Z,sha256:cbbcc8caedf029309ac7df722a470785e99a0942e29b3efc9367ee1640e1b330,95980882,913,371422611,0001-01-01T00:00:00Z,databases-and-storage
adminer,library,Official,fastcgi,2024-05-14T09:27:31Z,sha256:cf1b9256c18fc9c7933e54bf18d6909492663a90c2b5361a0616e6b5b16673c3,95983580,913,371422611,0001-01-01T00:00:00Z,databases-and-storage
adminer,library,Official,4.8.1-standalone,2024-05-14T09:27:27Z,sha256:cbbcc8caedf029309ac7df722a470785e99a0942e29b3efc9367ee1640e1b330,95980882,913,371422611,0001-01-01T00:00:00Z,databases-and-storage
adminer,library,Official,4.8.1-fastcgi,2024-05-14T09:27:24Z,sha256:cf1b9256c18fc9c7933e54bf18d6909492663a90c2b5361a0616e6b5b16673c3,95983580,913,371422611,0001-01-01T00:00:00Z,databases-and-storage
adminer,library,Official,4.8.1,2024-05-14T09:27:21Z,sha256:cbbcc8caedf029309ac7df722a470785e99a0942e29b3efc9367ee1640e1b330,95980882,913,371422611,0001-01-01T00:00:00Z,databases-and-storage
geonetwork,library,Official,4.4.4,2024-06-05T12:20:51Z,sha256:6e9c63891cb00d6b93ab56e4d569f315f3968aa34e90b1ac5105d9f36696d654,488318911,83,5238687,0001-01-01T00:00:00Z,data-science
geonetwork,library,Official,4.4,2024-06-05T12:20:50Z,sha256:6e9c63891cb00d6b93ab56e4d569f315f3968aa34e90b1ac5105d9f36696d654,488318911,83,5238687,0001-01-01T00:00:00Z,data-science
geonetwork,library,Official,4.2.9,2024-06-05T12:20:49Z,sha256:1b2a153b0d344de96aabd70bd2ca5af8b01892ab874ed589418a406b55d2f71a,462383916,83,5238687,0001-01-01T00:00:00Z,data-science
geonetwork,library,Official,4.2,2024-06-05T12:20:47Z,sha256:1b2a153b0d344de96aabd70bd2ca5af8b01892ab874ed589418a406b55d2f71a,462383916,83,5238687,0001-01-01T00:00:00Z,data-science
geonetwork,library,Official,4,2024-06-05T12:20:39Z,sha256:6e9c63891cb00d6b93ab56e4d569f315f3968aa34e90b1ac5105d9f36696d654,488318911,83,5238687,0001-01-01T00:00:00Z,data-science
xwiki,library,Official,stable-postgres-tomcat,2024-06-05T21:31:30Z,sha256:cb9899aa87cbce5a940f45e57a0c61a716f184ca52e73f85e8607965a4001cc7,577899714,299,32337763,0001-01-01T00:00:00Z,content-management-system
xwiki,library,Official,stable-postgres,2024-06-05T21:31:29Z,sha256:cb9899aa87cbce5a940f45e57a0c61a716f184ca52e73f85e8607965a4001cc7,577899714,299,32337763,0001-01-01T00:00:00Z,content-management-system
xwiki,library,Official,stable-mysql-tomcat,2024-06-05T21:31:28Z,sha256:f8ab71b109c8227a2c5aeef33e5bf4ee47454c3667f0663d0626252a4107f1fa,578307131,299,32337763,0001-01-01T00:00:00Z,content-management-system
xwiki,library,Official,stable-mysql,2024-06-05T21:31:27Z,sha256:f8ab71b109c8227a2c5aeef33e5bf4ee47454c3667f0663d0626252a4107f1fa,578307131,299,32337763,0001-01-01T00:00:00Z,content-management-system
xwiki,library,Official,stable-mariadb-tomcat,2024-06-05T21:31:26Z,sha256:a78d0fa73305fbd27505e20ee97eb0e315c9cff84c3a1a28cc33363ef220adb9,576569930,299,32337763,0001-01-01T00:00:00Z,content-management-system
groovy,library,Official,jdk8-jammy,2024-06-05T17:39:42Z,sha256:6891b1ca2312163b8993c1c19531013183289ba2f2ad0c08daf25a574755049b,180262370,151,76788228,0001-01-01T00:00:00Z,languages-and-frameworks
groovy,library,Official,jdk8,2024-06-05T17:39:41Z,sha256:6891b1ca2312163b8993c1c19531013183289ba2f2ad0c08daf25a574755049b,180262370,151,76788228,0001-01-01T00:00:00Z,languages-and-frameworks
groovy,library,Official,jdk21-jammy,2024-06-05T17:39:39Z,sha256:e792b7d7d2c44ff55934abe0fa4eaf95e328232eb625142cd85e3a675fd6f85a,239727074,151,76788228,0001-01-01T00:00:00Z,languages-and-frameworks
groovy,library,Official,jdk21,2024-06-05T17:39:37Z,sha256:e792b7d7d2c44ff55934abe0fa4eaf95e328232eb625142cd85e3a675fd6f85a,239727074,151,76788228,0001-01-01T00:00:00Z,languages-and-frameworks
groovy,library,Official,jdk17-jammy,2024-06-05T17:39:36Z,sha256:9359ff1a3cd39d9dd186a5dad7b80c57163874174368721e6606f6bf1d27b648,226316791,151,76788228,0001-01-01T00:00:00Z,languages-and-frameworks
znc,library,Official,slim,2024-03-16T09:04:17Z,sha256:76f47e9e5b9e0472def5e6d4d75027d065d6e2b98b00d50ff399acc1a495e3c2,50035508,115,28270528,0001-01-01T00:00:00Z,
znc,library,Official,1.9.0-slim,2024-03-16T09:04:14Z,sha256:76f47e9e5b9e0472def5e6d4d75027d065d6e2b98b00d50ff399acc1a495e3c2,50035508,115,28270528,0001-01-01T00:00:00Z,
znc,library,Official,1.9.0,2024-03-16T09:04:12Z,sha256:2989e0e65371c523f331247da16ffe80eeb12d7037936c293449158eb1ada787,157932715,115,28270528,0001-01-01T00:00:00Z,
znc,library,Official,1.9-slim,2024-03-16T09:04:10Z,sha256:76f47e9e5b9e0472def5e6d4d75027d065d6e2b98b00d50ff399acc1a495e3c2,50035508,115,28270528,0001-01-01T00:00:00Z,
znc,library,Official,1.9,2024-03-16T09:04:06Z,sha256:2989e0e65371c523f331247da16ffe80eeb12d7037936c293449158eb1ada787,157932715,115,28270528,0001-01-01T00:00:00Z,
gradle,library,Official,jdk-lts-and-current-jammy,2024-06-05T20:38:38Z,sha256:0ddfdec8ec84c266d69f37a961bedcbf95548469f1bbb19cb929c7dce7578902,552808221,575,239587983,0001-01-01T00:00:00Z,developer-tools
gradle,library,Official,jdk-lts-and-current-alpine,2024-06-05T20:38:35Z,sha256:2b39e1c27816e1b1a9dd06d225e8d4537985c114ba3445179b20e10b5cc003db,505148693,575,239587983,0001-01-01T00:00:00Z,developer-tools
gradle,library,Official,jdk-lts-and-current,2024-06-05T20:38:34Z,sha256:0ddfdec8ec84c266d69f37a961bedcbf95548469f1bbb19cb929c7dce7578902,552808221,575,239587983,0001-01-01T00:00:00Z,developer-tools
gradle,library,Official,jdk-21-and-22-jammy,2024-06-05T20:38:28Z,sha256:0ddfdec8ec84c266d69f37a961bedcbf95548469f1bbb19cb929c7dce7578902,552808221,575,239587983,0001-01-01T00:00:00Z,developer-tools
gradle,library,Official,jdk-21-and-22-alpine,2024-06-05T20:38:25Z,sha256:2b39e1c27816e1b1a9dd06d225e8d4537985c114ba3445179b20e10b5cc003db,505148693,575,239587983,0001-01-01T00:00:00Z,developer-tools
convertigo,library,Official,8.2.7,2024-06-05T12:18:31Z,sha256:5c517a4e26b3aefd9fde337d71aeee60007c530c69930b87989f54d9a729e755,313942497,55,4249049,0001-01-01T00:00:00Z,languages-and-frameworks
convertigo,library,Official,8.2,2024-06-05T12:18:28Z,sha256:5c517a4e26b3aefd9fde337d71aeee60007c530c69930b87989f54d9a729e755,313942497,55,4249049,0001-01-01T00:00:00Z,languages-and-frameworks
convertigo,library,Official,8.2.5,2024-02-03T01:58:10Z,sha256:1a97faa31a270d42eb7df310647a0149c411daf7820a7a2fa2b0406427622a17,306823940,55,4249049,0001-01-01T00:00:00Z,languages-and-frameworks
convertigo,library,Official,8.2.4,2024-01-10T00:42:20Z,sha256:5a9efb215892f7a20ad813ab823b2973d1f8e9825d876980cfc885ddf6146a68,306796225,55,4249049,0001-01-01T00:00:00Z,languages-and-frameworks
convertigo,library,Official,8.1.0,2023-04-18T19:14:13Z,sha256:668566271809994e017f2d8cc4d76becbc254b15c72078e9af2270cc63ca8429,354903763,55,4249049,0001-01-01T00:00:00Z,languages-and-frameworks
flink,library,Official,1.18.1-scala_2.12-java17,2024-06-05T19:11:10Z,sha256:c6b1a97ea4d4151dc3afcb0a1969b77c565ceb644ee45630fe63b483a9f05cc2,577317712,422,88612802,0001-01-01T00:00:00Z,data-science
flink,library,Official,1.18.1-scala_2.12-java11,2024-06-05T19:11:09Z,sha256:eb130c147a1cf6d2e5ffc3a0f89f6e2e3e72f253e96cdab97d69a32002203b88,577247519,422,88612802,0001-01-01T00:00:00Z,data-science
flink,library,Official,1.18.1-scala_2.12,2024-06-05T19:11:08Z,sha256:eb130c147a1cf6d2e5ffc3a0f89f6e2e3e72f253e96cdab97d69a32002203b88,577247519,422,88612802,0001-01-01T00:00:00Z,data-science
flink,library,Official,1.18.1-java17,2024-06-05T19:11:06Z,sha256:c6b1a97ea4d4151dc3afcb0a1969b77c565ceb644ee45630fe63b483a9f05cc2,577317712,422,88612802,0001-01-01T00:00:00Z,data-science
flink,library,Official,1.18.1-java11,2024-06-05T19:11:05Z,sha256:eb130c147a1cf6d2e5ffc3a0f89f6e2e3e72f253e96cdab97d69a32002203b88,577247519,422,88612802,0001-01-01T00:00:00Z,data-science
swipl,library,Official,stable,2024-05-22T23:12:29Z,sha256:dfcca34d4c7215cf47fbeb0c4cbfb3a7c0793efef5dd31aa88143500641dc391,96523456,67,3073296,0001-01-01T00:00:00Z,languages-and-frameworks
swipl,library,Official,9.2.5,2024-05-22T23:12:23Z,sha256:dfcca34d4c7215cf47fbeb0c4cbfb3a7c0793efef5dd31aa88143500641dc391,96523456,67,3073296,0001-01-01T00:00:00Z,languages-and-frameworks
swipl,library,Official,9.3.6,2024-05-15T17:12:16Z,sha256:d267dabfcb638059c5ab12a7e32757c13dddc72605ce507dc029d74159be3bad,96639293,67,3073296,0001-01-01T00:00:00Z,languages-and-frameworks
swipl,library,Official,9.2.4,2024-05-15T02:12:15Z,sha256:3d5e9bdc6cfb77567ac0e5a55a990c2a5fd1306c37c98c8613ed7b296ae38f3b,96520643,67,3073296,0001-01-01T00:00:00Z,languages-and-frameworks
swipl,library,Official,9.3.2,2024-05-14T17:12:19Z,sha256:6777c951f9ced0bfe9f46380344f91be9c621c1bf5081c210b5cac836ac62f1d,96500101,67,3073296,0001-01-01T00:00:00Z,languages-and-frameworks
rust,library,Official,alpine3.20,2024-05-24T05:45:19Z,sha256:214477ec837f9bedd80be4b087fec09e3f270831979412840f3f6c38e5a0d9c1,276828594,982,84541863,0001-01-01T00:00:00Z,languages-and-frameworks
rust,library,Official,alpine,2024-05-24T05:45:17Z,sha256:214477ec837f9bedd80be4b087fec09e3f270831979412840f3f6c38e5a0d9c1,276828594,982,84541863,0001-01-01T00:00:00Z,languages-and-frameworks
rust,library,Official,1.78.0-alpine3.20,2024-05-24T05:45:00Z,sha256:214477ec837f9bedd80be4b087fec09e3f270831979412840f3f6c38e5a0d9c1,276828594,982,84541863,0001-01-01T00:00:00Z,languages-and-frameworks
rust,library,Official,1.78.0-alpine,2024-05-24T05:44:58Z,sha256:214477ec837f9bedd80be4b087fec09e3f270831979412840f3f6c38e5a0d9c1,276828594,982,84541863,0001-01-01T00:00:00Z,languages-and-frameworks
rust,library,Official,1.78-alpine3.20,2024-05-24T05:44:41Z,sha256:214477ec837f9bedd80be4b087fec09e3f270831979412840f3f6c38e5a0d9c1,276828594,982,84541863,0001-01-01T00:00:00Z,languages-and-frameworks
mediawiki,library,Official,stable-fpm-alpine,2024-06-07T03:58:00Z,sha256:9d4b75fbdd505c940d941983eafe65f9074f11cedeef135fab601aa073825003,176335238,548,44889121,0001-01-01T00:00:00Z,content-management-system
mediawiki,library,Official,stable-fpm,2024-06-07T03:57:57Z,sha256:56d763a1bef8ff95755a6291cdc158188fd799f8de6ade8bae8e8baeab197eab,346358324,548,44889121,0001-01-01T00:00:00Z,content-management-system
mediawiki,library,Official,stable,2024-06-07T03:57:55Z,sha256:f81c1a19d63c2f142fee6a7056a9e76e1994d833180735e1d040609b124bacf8,350034931,548,44889121,0001-01-01T00:00:00Z,content-management-system
mediawiki,library,Official,lts-fpm-alpine,2024-06-07T03:57:53Z,sha256:14765bcaa674d9f60d1e419a6e2cfbae116778d5618a3fb511444fc30735f13b,118135404,548,44889121,0001-01-01T00:00:00Z,content-management-system
mediawiki,library,Official,lts-fpm,2024-06-07T03:57:50Z,sha256:c486b3b2106476354989a02f43f922fe279a41bda65e873ec9a43187049cb7bd,288149777,548,44889121,0001-01-01T00:00:00Z,content-management-system
sl,library,Official,7,2024-06-03T19:04:39Z,sha256:85c74a63c56c5d6d2e433e995af6120ef12af3d20d8722a8b9e41bb019c99e5c,71509903,55,602118,0001-01-01T00:00:00Z,operating-systems
sl,library,Official,6,2020-11-05T18:41:07Z,,49500651,55,602118,0001-01-01T00:00:00Z,operating-systems
open-liberty,library,Official,kernel-slim-java8-openj9,2024-06-05T12:28:09Z,sha256:f4f03fb0e72f37c4ce3ea8f212ca2e8b493b86bab211a49ae44be75361f17337,114756318,65,12934678,0001-01-01T00:00:00Z,web-servers
open-liberty,library,Official,kernel-slim-java17-openj9,2024-06-05T12:28:08Z,sha256:0f4fb4e762a2f797a74623ddc7252355903fc8843b93126f68478f467a876f62,116778815,65,12934678,0001-01-01T00:00:00Z,web-servers
open-liberty,library,Official,kernel-slim-java11-openj9,2024-06-05T12:28:05Z,sha256:9f11a642efac635ffdf9b39dda0617494ae201f3f39d435973162f8d1456df98,116324948,65,12934678,0001-01-01T00:00:00Z,web-servers
open-liberty,library,Official,kernel-slim,2024-06-05T12:28:02Z,sha256:f4f03fb0e72f37c4ce3ea8f212ca2e8b493b86bab211a49ae44be75361f17337,114756318,65,12934678,0001-01-01T00:00:00Z,web-servers
open-liberty,library,Official,full-java8-openj9,2024-06-05T12:28:00Z,sha256:28b048e010a61952d9470bf52ce0922eb83c4d1a3411186b1b2a03527092c8c8,439774296,65,12934678,0001-01-01T00:00:00Z,web-servers
clefos,library,Official,7.7.1908,2022-01-21T19:00:18Z,,59384221,23,753736,0001-01-01T00:00:00Z,operating-systems
clefos,library,Official,7,2022-01-21T19:00:16Z,,59384221,23,753736,0001-01-01T00:00:00Z,operating-systems
teamspeak,library,Official,3.13.7,2024-03-16T09:19:44Z,sha256:b5bdec55bc87b992c5658e739f3ce465644efa6d997633110b12be3dc3a10796,13971373,536,134294977,0001-01-01T00:00:00Z,
teamspeak,library,Official,3.13,2024-03-16T09:19:43Z,sha256:b5bdec55bc87b992c5658e739f3ce465644efa6d997633110b12be3dc3a10796,13971373,536,134294977,0001-01-01T00:00:00Z,
teamspeak,library,Official,3.13.6,2022-04-05T09:59:38Z,,13481650,536,134294977,0001-01-01T00:00:00Z,
teamspeak,library,Official,3.13.5,2021-05-19T19:59:57Z,,13481531,536,134294977,0001-01-01T00:00:00Z,
teamspeak,library,Official,3.13.3,2021-04-14T23:47:24Z,,12788782,536,134294977,0001-01-01T00:00:00Z,
matomo,library,Official,fpm,2024-06-07T05:50:43Z,sha256:c3fad31889bcc66a007dec015e23e184e259f6da3c8419e34e5a62238dd1d81f,198423271,333,122921979,0001-01-01T00:00:00Z,monitoring-and-observability
matomo,library,Official,apache,2024-06-07T05:50:40Z,sha256:5a629a1fafa6ecdfb1fb705bf72cc7b1ad3d06e54b7d8be3591ba9a65d26ce9a,202439101,333,122921979,0001-01-01T00:00:00Z,monitoring-and-observability
matomo,library,Official,5.0.3-fpm,2024-06-07T05:50:31Z,sha256:c3fad31889bcc66a007dec015e23e184e259f6da3c8419e34e5a62238dd1d81f,198423271,333,122921979,0001-01-01T00:00:00Z,monitoring-and-observability
matomo,library,Official,5.0.3-apache,2024-06-07T05:50:28Z,sha256:5a629a1fafa6ecdfb1fb705bf72cc7b1ad3d06e54b7d8be3591ba9a65d26ce9a,202439101,333,122921979,0001-01-01T00:00:00Z,monitoring-and-observability
matomo,library,Official,5.0.3,2024-06-07T05:50:25Z,sha256:5a629a1fafa6ecdfb1fb705bf72cc7b1ad3d06e54b7d8be3591ba9a65d26ce9a,202439101,333,122921979,0001-01-01T00:00:00Z,monitoring-and-observability
yourls,library,Official,fpm,2024-06-07T07:35:27Z,sha256:06bdcb6899de41034af8ddc547225856e077b1d1e41e27d88bb7d3f00614a563,178931120,288,21258156,0001-01-01T00:00:00Z,content-management-system
yourls,library,Official,apache,2024-06-07T07:35:25Z,sha256:c467b2052573917ae57ab39d6ef12deb565e159819a1e73c28e727eb91c73dd1,182903001,288,21258156,0001-01-01T00:00:00Z,content-management-system
yourls,library,Official,1.9.2-fpm,2024-06-07T07:35:18Z,sha256:06bdcb6899de41034af8ddc547225856e077b1d1e41e27d88bb7d3f00614a563,178931120,288,21258156,0001-01-01T00:00:00Z,content-management-system
yourls,library,Official,1.9.2-apache,2024-06-07T07:35:15Z,sha256:c467b2052573917ae57ab39d6ef12deb565e159819a1e73c28e727eb91c73dd1,182903001,288,21258156,0001-01-01T00:00:00Z,content-management-system
yourls,library,Official,1.9.2,2024-06-07T07:35:11Z,sha256:c467b2052573917ae57ab39d6ef12deb565e159819a1e73c28e727eb91c73dd1,182903001,288,21258156,0001-01-01T00:00:00Z,content-management-system
alt,library,Official,sisyphus,2024-05-06T19:48:57Z,sha256:eda439c60298450f56f026bd108e84184b00abc6880562b2fc9d12610f07eb45,42194830,63,711864,0001-01-01T00:00:00Z,operating-systems
alt,library,Official,p10,2024-05-06T19:48:52Z,sha256:aaddacc787afa546cc03a252adf9799d48f7a0498ecb46ea0d477642b03018eb,43995139,63,711864,0001-01-01T00:00:00Z,operating-systems
alt,library,Official,p9,2023-09-26T01:07:42Z,sha256:6e22e9d79d1e1329e9d4817a4f03fbf9bc651a0a3f1691c751031379722c29bf,43153381,63,711864,0001-01-01T00:00:00Z,operating-systems
alt,library,Official,p8,2021-08-04T23:03:10Z,,35777561,63,711864,0001-01-01T00:00:00Z,operating-systems
amazoncorretto,library,Official,8u412-al2023-jre,2024-06-05T03:22:09Z,sha256:000f9173cec9ab69fcc3d43364db132e0cbf93def1eaa7bf6d94b3da9396ef61,330625644,397,85693617,0001-01-01T00:00:00Z,languages-and-frameworks
amazoncorretto,library,Official,8u412-al2023,2024-06-05T03:22:08Z,sha256:000f9173cec9ab69fcc3d43364db132e0cbf93def1eaa7bf6d94b3da9396ef61,330625644,397,85693617,0001-01-01T00:00:00Z,languages-and-frameworks
amazoncorretto,library,Official,8u412-al2-native-jre,2024-06-05T03:22:07Z,sha256:598e657328c8ee6b56037e1a5e70913ddecbc1b9f13f11f8cb33cd5b96302d52,171810704,397,85693617,0001-01-01T00:00:00Z,languages-and-frameworks
amazoncorretto,library,Official,8u412-al2-native-jdk,2024-06-05T03:22:05Z,sha256:8539d9ba48f36a6de8bb42c8cddc45736ac99265ec52f0243566247a1e146b8d,187957002,397,85693617,0001-01-01T00:00:00Z,languages-and-frameworks
amazoncorretto,library,Official,8u412-al2-generic,2024-06-05T03:22:03Z,sha256:7188bc083325e5865c9899c4bb5cabb3a866eeb7ff8164a127857d60ad744379,138185935,397,85693617,0001-01-01T00:00:00Z,languages-and-frameworks
postfixadmin,library,Official,fpm,2024-06-07T07:32:21Z,sha256:b31d00e876b481824da7f2b35107110315ae474f234644b11190e7062e10fde2,177512861,193,5231400,0001-01-01T00:00:00Z,developer-tools
postfixadmin,library,Official,apache,2024-06-07T07:32:17Z,sha256:399f4a53b904c53e03f0caf0f3dea3f5618ed737c7541ca69cd7bcd19d1a5b45,181532337,193,5231400,0001-01-01T00:00:00Z,developer-tools
postfixadmin,library,Official,3.3.13-fpm,2024-06-07T07:32:13Z,sha256:b31d00e876b481824da7f2b35107110315ae474f234644b11190e7062e10fde2,177512861,193,5231400,0001-01-01T00:00:00Z,developer-tools
postfixadmin,library,Official,3.3.13-apache,2024-06-07T07:32:10Z,sha256:399f4a53b904c53e03f0caf0f3dea3f5618ed737c7541ca69cd7bcd19d1a5b45,181532337,193,5231400,0001-01-01T00:00:00Z,developer-tools
postfixadmin,library,Official,3.3.13,2024-06-07T07:32:07Z,sha256:399f4a53b904c53e03f0caf0f3dea3f5618ed737c7541ca69cd7bcd19d1a5b45,181532337,193,5231400,0001-01-01T00:00:00Z,developer-tools
fluentd,library,Official,v1.16.2-debian-1.1,2024-05-30T20:28:26Z,sha256:6b4b05e96dbbae4c26b33712f7456f369570ae0c8cf4f077ad0ade5ab4e849cf,101283905,194,11490508,0001-01-01T00:00:00Z,monitoring-and-observability
fluentd,library,Official,v1.16-debian-1,2024-05-30T20:28:22Z,sha256:6b4b05e96dbbae4c26b33712f7456f369570ae0c8cf4f077ad0ade5ab4e849cf,101283905,194,11490508,0001-01-01T00:00:00Z,monitoring-and-observability
fluentd,library,Official,v1.16.2-1.1,2024-04-18T23:28:38Z,sha256:6b4f3d80b3725fea379d57f9822a7091ffb211c9bfa5a3b136f7980328a44d8e,25125598,194,11490508,0001-01-01T00:00:00Z,monitoring-and-observability
fluentd,library,Official,v1.16-1,2024-04-18T23:28:29Z,sha256:6b4f3d80b3725fea379d57f9822a7091ffb211c9bfa5a3b136f7980328a44d8e,25125598,194,11490508,0001-01-01T00:00:00Z,monitoring-and-observability
fluentd,library,Official,v1.16.0-debian-1.0,2023-09-21T09:13:11Z,sha256:44a2804a98ac5fc04ee6745600b6d75cfaa21634bc9f382345a538f09af9a0e5,101794722,194,11490508,0001-01-01T00:00:00Z,monitoring-and-observability
sapmachine,library,Official,ubuntu-noble,2024-06-05T07:43:28Z,sha256:e214bdb4bbfb15a3711398f326c6b43e6151a29c97d950d254c2cc45384834af,243499100,49,22340852,0001-01-01T00:00:00Z,languages-and-frameworks
sapmachine,library,Official,ubuntu-jammy,2024-06-05T07:43:27Z,sha256:700a0ce14ddc2ae335a08196fed0aaac75608ecba81e530adad5ff17a28ad0d5,243854117,49,22340852,0001-01-01T00:00:00Z,languages-and-frameworks
sapmachine,library,Official,ubuntu-focal,2024-06-05T07:43:26Z,sha256:5ca951142ca19d46e9872e275ce97f9470e4b24ace93c140007bb18319509405,241541944,49,22340852,0001-01-01T00:00:00Z,languages-and-frameworks
sapmachine,library,Official,ubuntu-24.04,2024-06-05T07:43:25Z,sha256:e214bdb4bbfb15a3711398f326c6b43e6151a29c97d950d254c2cc45384834af,243499100,49,22340852,0001-01-01T00:00:00Z,languages-and-frameworks
sapmachine,library,Official,ubuntu-22.04,2024-06-05T07:43:23Z,sha256:700a0ce14ddc2ae335a08196fed0aaac75608ecba81e530adad5ff17a28ad0d5,243854117,49,22340852,0001-01-01T00:00:00Z,languages-and-frameworks
varnish,library,Official,stable,2024-05-14T14:55:23Z,sha256:eb5b5923785da107b84db2f896cc90d654c14ed335123c16fbbf8d8fa17dacc3,95874783,168,16994922,0001-01-01T00:00:00Z,web-servers
varnish,library,Official,old,2024-05-14T14:54:25Z,sha256:882224e47d7db63a17dce924bf9033b5181a2a3a0fedee09e9aa40c0207f9ee8,134784916,168,16994922,0001-01-01T00:00:00Z,web-servers
varnish,library,Official,fresh,2024-05-14T14:54:19Z,sha256:b872f952fa3532d91627b46c9d7bd61ace423c916cd96e94b8d97530aeae1c99,134870706,168,16994922,0001-01-01T00:00:00Z,web-servers
varnish,library,Official,7.5.0,2024-05-14T14:54:13Z,sha256:b872f952fa3532d91627b46c9d7bd61ace423c916cd96e94b8d97530aeae1c99,134870706,168,16994922,0001-01-01T00:00:00Z,web-servers
varnish,library,Official,7.5,2024-05-14T14:54:07Z,sha256:b872f952fa3532d91627b46c9d7bd61ace423c916cd96e94b8d97530aeae1c99,134870706,168,16994922,0001-01-01T00:00:00Z,web-servers
archlinux,library,Official,multilib-devel-20240101.0.204074,2024-05-29T22:48:30Z,sha256:ad0fb9c2da48cbb7c38ec278819fa6c0ccf321e910750059ffd3311478aa4a68,316042474,565,26344871,0001-01-01T00:00:00Z,operating-systems
archlinux,library,Official,multilib-devel,2024-05-29T22:48:29Z,sha256:ad0fb9c2da48cbb7c38ec278819fa6c0ccf321e910750059ffd3311478aa4a68,316042474,565,26344871,0001-01-01T00:00:00Z,operating-systems
archlinux,library,Official,base-devel-20240101.0.204074,2024-05-29T22:48:24Z,sha256:a20d103ba70c910b40a274748a0bbb43d96f4e37ef45ce367c080aee370dfde8,266238966,565,26344871,0001-01-01T00:00:00Z,operating-systems
archlinux,library,Official,base-devel,2024-05-29T22:48:23Z,sha256:a20d103ba70c910b40a274748a0bbb43d96f4e37ef45ce367c080aee370dfde8,266238966,565,26344871,0001-01-01T00:00:00Z,operating-systems
archlinux,library,Official,base-20240101.0.204074,2024-05-29T22:48:18Z,sha256:e0cdf8208d276f77eaba78e1ef0e94f7a70c15090cfc09299be5521ceb4a0705,147995421,565,26344871,0001-01-01T00:00:00Z,operating-systems
friendica,library,Official,stable-fpm,2024-06-07T08:11:25Z,sha256:9fda4951e0ed8d3f83b536ddb5b7b84d789292b081424500a365f67f2d45b2cb,251597693,86,4852186,0001-01-01T00:00:00Z,
friendica,library,Official,stable-apache,2024-06-07T08:11:22Z,sha256:7d38fb3d26a8ec7726f996459b6aa5f07225b7567a9b44a924a38915d1e2c925,255662473,86,4852186,0001-01-01T00:00:00Z,
friendica,library,Official,stable,2024-06-07T08:11:20Z,sha256:7d38fb3d26a8ec7726f996459b6aa5f07225b7567a9b44a924a38915d1e2c925,255662473,86,4852186,0001-01-01T00:00:00Z,
friendica,library,Official,fpm,2024-06-07T08:11:12Z,sha256:9fda4951e0ed8d3f83b536ddb5b7b84d789292b081424500a365f67f2d45b2cb,251597693,86,4852186,0001-01-01T00:00:00Z,
friendica,library,Official,dev-fpm,2024-06-07T08:11:07Z,sha256:b5ac34a53610dc6ab772fe2e971ac1aec055ef861e8d028dddd9c95737bcde31,214129770,86,4852186,0001-01-01T00:00:00Z,
caddy,library,Official,builder-alpine,2024-06-05T16:03:46Z,sha256:cdf3364f8cb02338b857728fdc0a9b8875b343996db347300bf2361db3da9094,80670788,744,626004008,0001-01-01T00:00:00Z,web-servers
caddy,library,Official,builder,2024-06-05T16:03:44Z,sha256:2f44de947418f8155bcf3c84397083bd0deb61eb19efa39094184fa7c53b68e4,80670788,744,626004008,0001-01-01T00:00:00Z,web-servers
caddy,library,Official,alpine,2024-06-05T16:03:41Z,sha256:a48e22edad925dc216fd27aa4f04ec49ebdad9b64c9e5a3f1826d0595ef2993c,18625879,744,626004008,0001-01-01T00:00:00Z,web-servers
caddy,library,Official,2.8.4-builder-alpine,2024-06-05T16:03:35Z,sha256:cdf3364f8cb02338b857728fdc0a9b8875b343996db347300bf2361db3da9094,80670788,744,626004008,0001-01-01T00:00:00Z,web-servers
caddy,library,Official,2.8.4-builder,2024-06-05T16:03:30Z,sha256:2f44de947418f8155bcf3c84397083bd0deb61eb19efa39094184fa7c53b68e4,80670788,744,626004008,0001-01-01T00:00:00Z,web-servers
monica,library,Official,5.0.0-beta.4-fpm,2024-06-07T08:46:00Z,sha256:4a99c2849b85560bf4588d66b13023e9fa63d7145be4541749abf7e547c1fb5c,203738374,191,11294526,0001-01-01T00:00:00Z,content-management-system
monica,library,Official,5.0.0-beta.4-apache,2024-06-07T08:45:57Z,sha256:8ff2d57e0431725987956b9dcfd1fcc8abf7f57a46ed6736c9ebc41aa8ce486a,207789644,191,11294526,0001-01-01T00:00:00Z,content-management-system
monica,library,Official,5.0.0-beta-fpm,2024-06-07T08:45:51Z,sha256:4a99c2849b85560bf4588d66b13023e9fa63d7145be4541749abf7e547c1fb5c,203738374,191,11294526,0001-01-01T00:00:00Z,content-management-system
monica,library,Official,5.0.0-beta-apache,2024-06-07T08:45:49Z,sha256:8ff2d57e0431725987956b9dcfd1fcc8abf7f57a46ed6736c9ebc41aa8ce486a,207789644,191,11294526,0001-01-01T00:00:00Z,content-management-system
monica,library,Official,5.0-fpm,2024-06-07T08:45:43Z,sha256:4a99c2849b85560bf4588d66b13023e9fa63d7145be4541749abf7e547c1fb5c,203738374,191,11294526,0001-01-01T00:00:00Z,content-management-system
phpmyadmin,library,Official,fpm,2024-06-07T06:18:31Z,sha256:662a1ee8e16788a0ca4696e8b8426f946d5b900cacec2162616fc1704b97aac9,189908804,991,64507723,0001-01-01T00:00:00Z,databases-and-storage
phpmyadmin,library,Official,apache,2024-06-07T06:18:27Z,sha256:512a596a35a2b2865e3d710e5349f930165d40dac97e0e7a5129a6807c599ab2,193914360,991,64507723,0001-01-01T00:00:00Z,databases-and-storage
phpmyadmin,library,Official,5.2.1-fpm,2024-06-07T06:17:36Z,sha256:662a1ee8e16788a0ca4696e8b8426f946d5b900cacec2162616fc1704b97aac9,189908804,991,64507723,0001-01-01T00:00:00Z,databases-and-storage
phpmyadmin,library,Official,5.2.1-apache,2024-06-07T06:17:32Z,sha256:512a596a35a2b2865e3d710e5349f930165d40dac97e0e7a5129a6807c599ab2,193914360,991,64507723,0001-01-01T00:00:00Z,databases-and-storage
phpmyadmin,library,Official,5.2.1,2024-06-07T06:17:29Z,sha256:512a596a35a2b2865e3d710e5349f930165d40dac97e0e7a5129a6807c599ab2,193914360,991,64507723,0001-01-01T00:00:00Z,databases-and-storage
hitch,library,Official,1.8.0-1,2024-05-14T10:33:00Z,sha256:bc6aaf4be5ea9589296d27f044f00ee5c7a2027efb9f2b98189e6746c9f94aa6,33007314,24,434753,0001-01-01T00:00:00Z,web-servers
hitch,library,Official,1.8.0,2024-05-14T10:32:58Z,sha256:bc6aaf4be5ea9589296d27f044f00ee5c7a2027efb9f2b98189e6746c9f94aa6,33007314,24,434753,0001-01-01T00:00:00Z,web-servers
hitch,library,Official,1.8,2024-05-14T10:32:55Z,sha256:bc6aaf4be5ea9589296d27f044f00ee5c7a2027efb9f2b98189e6746c9f94aa6,33007314,24,434753,0001-01-01T00:00:00Z,web-servers
hitch,library,Official,1,2024-05-14T10:32:51Z,sha256:bc6aaf4be5ea9589296d27f044f00ee5c7a2027efb9f2b98189e6746c9f94aa6,33007314,24,434753,0001-01-01T00:00:00Z,web-servers
hitch,library,Official,1.7.3-1,2023-08-16T09:45:58Z,sha256:0eabb7bf7c38293e72a1571e020b7c467f4f3663e4651527ab2f75ea08ac1795,33043651,24,434753,0001-01-01T00:00:00Z,web-servers
almalinux,library,Official,minimal,2024-05-30T20:48:05Z,sha256:81a52f8b60623320755e52c3a010feb99ff35d9e6c0d58db9ad9a0bfc2f7a6b8,34395730,162,6614527,0001-01-01T00:00:00Z,operating-systems
almalinux,library,Official,9.4-minimal-20240530,2024-05-30T20:48:01Z,sha256:81a52f8b60623320755e52c3a010feb99ff35d9e6c0d58db9ad9a0bfc2f7a6b8,34395730,162,6614527,0001-01-01T00:00:00Z,operating-systems
almalinux,library,Official,9.4-minimal,2024-05-30T20:47:58Z,sha256:81a52f8b60623320755e52c3a010feb99ff35d9e6c0d58db9ad9a0bfc2f7a6b8,34395730,162,6614527,0001-01-01T00:00:00Z,operating-systems
almalinux,library,Official,9.4-20240530,2024-05-30T20:47:56Z,sha256:8d722e4cd4c754f1a72364424502d3f3bd63c36aba575fb7039dab26f30ed8b7,68578181,162,6614527,0001-01-01T00:00:00Z,operating-systems
almalinux,library,Official,9.4,2024-05-30T20:47:54Z,sha256:8d722e4cd4c754f1a72364424502d3f3bd63c36aba575fb7039dab26f30ed8b7,68578181,162,6614527,0001-01-01T00:00:00Z,operating-systems
dart,library,Official,stable-sdk,2024-06-07T02:53:34Z,sha256:0c5769b80c85047fff92fcefb38cf18ff8b331d6b6778f034fe20f200e2b41af,322154188,140,2141623,0001-01-01T00:00:00Z,languages-and-frameworks
dart,library,Official,stable,2024-06-07T02:53:32Z,sha256:0c5769b80c85047fff92fcefb38cf18ff8b331d6b6778f034fe20f200e2b41af,322154188,140,2141623,0001-01-01T00:00:00Z,languages-and-frameworks
dart,library,Official,sdk,2024-06-07T02:53:31Z,sha256:0c5769b80c85047fff92fcefb38cf18ff8b331d6b6778f034fe20f200e2b41af,322154188,140,2141623,0001-01-01T00:00:00Z,languages-and-frameworks
dart,library,Official,beta-sdk,2024-06-07T02:53:29Z,sha256:1d8b304e33363726bf1f6ca3ffe8c23acdf3e657b5dc0570359fde2f1e709aa7,302242251,140,2141623,0001-01-01T00:00:00Z,languages-and-frameworks
dart,library,Official,beta,2024-06-07T02:53:27Z,sha256:1d8b304e33363726bf1f6ca3ffe8c23acdf3e657b5dc0570359fde2f1e709aa7,302242251,140,2141623,0001-01-01T00:00:00Z,languages-and-frameworks
eclipse-temurin,library,Official,8u412-b08-jre-ubi9-minimal,2024-06-07T05:02:09Z,sha256:598228773217fb5520914246ce1255713ad4cec65aa1a024b10ca70b9ddee882,107899130,550,134237929,0001-01-01T00:00:00Z,languages-and-frameworks
eclipse-temurin,library,Official,8u412-b08-jdk-ubi9-minimal,2024-06-07T05:01:57Z,sha256:12a742949ced74d2fdc58946a69d8b8e2f0da7887bbe38baf2eaebaafa7fd500,169625649,550,134237929,0001-01-01T00:00:00Z,languages-and-frameworks
eclipse-temurin,library,Official,8-ubi9-minimal,2024-06-07T05:01:44Z,sha256:12a742949ced74d2fdc58946a69d8b8e2f0da7887bbe38baf2eaebaafa7fd500,169625649,550,134237929,0001-01-01T00:00:00Z,languages-and-frameworks
eclipse-temurin,library,Official,8-jre-ubi9-minimal,2024-06-07T05:01:38Z,sha256:598228773217fb5520914246ce1255713ad4cec65aa1a024b10ca70b9ddee882,107899130,550,134237929,0001-01-01T00:00:00Z,languages-and-frameworks
eclipse-temurin,library,Official,8-jdk-ubi9-minimal,2024-06-07T05:01:22Z,sha256:12a742949ced74d2fdc58946a69d8b8e2f0da7887bbe38baf2eaebaafa7fd500,169625649,550,134237929,0001-01-01T00:00:00Z,languages-and-frameworks
ibm-semeru-runtimes,library,Official,open-8u412-b08-jre-jammy,2024-06-05T08:28:17Z,sha256:4651dd2aca2af595e5c164d661efe48c5074b90b795aed51d66cbad2145e7f84,97338124,45,5304221,0001-01-01T00:00:00Z,languages-and-frameworks
ibm-semeru-runtimes,library,Official,open-8u412-b08-jre-focal,2024-06-05T08:28:15Z,sha256:a8b6cd692ba1edb6f39bdb0a649e98e4b1919c95ee63638651fb5edcf8d316d0,99403849,45,5304221,0001-01-01T00:00:00Z,languages-and-frameworks
ibm-semeru-runtimes,library,Official,open-8u412-b08-jre,2024-06-05T08:28:13Z,sha256:4651dd2aca2af595e5c164d661efe48c5074b90b795aed51d66cbad2145e7f84,97338124,45,5304221,0001-01-01T00:00:00Z,languages-and-frameworks
ibm-semeru-runtimes,library,Official,open-8u412-b08-jdk-jammy,2024-06-05T08:28:10Z,sha256:e89bddb4461c5af07c2ed1ffceb413a60dc69b073df333602b68c5a91ab0973b,164013254,45,5304221,0001-01-01T00:00:00Z,languages-and-frameworks
ibm-semeru-runtimes,library,Official,open-8u412-b08-jdk-focal,2024-06-05T08:28:08Z,sha256:70f884b994387be6a69a4298a12e66e4a0820df21bd3350cd64e4a242b19ce70,165923593,45,5304221,0001-01-01T00:00:00Z,languages-and-frameworks
rockylinux,library,Official,9.3.20231119-minimal,2024-05-30T05:16:48Z,sha256:305de618a5681ff75b1d608fd22b10f362867dff2f550a4f1d427d21cd7f42b4,46545847,239,32812715,0001-01-01T00:00:00Z,operating-systems
rockylinux,library,Official,9.3.20231119,2024-05-30T05:16:46Z,sha256:d7be1c094cc5845ee815d4632fe377514ee6ebcf8efaed6892889657e5ddaaa6,64310806,239,32812715,0001-01-01T00:00:00Z,operating-systems
rockylinux,library,Official,9.3-minimal,2024-05-30T05:16:44Z,sha256:305de618a5681ff75b1d608fd22b10f362867dff2f550a4f1d427d21cd7f42b4,46545847,239,32812715,0001-01-01T00:00:00Z,operating-systems
rockylinux,library,Official,9.3,2024-05-30T05:16:41Z,sha256:d7be1c094cc5845ee815d4632fe377514ee6ebcf8efaed6892889657e5ddaaa6,64310806,239,32812715,0001-01-01T00:00:00Z,operating-systems
rockylinux,library,Official,9-minimal,2024-05-30T05:16:40Z,sha256:305de618a5681ff75b1d608fd22b10f362867dff2f550a4f1d427d21cd7f42b4,46545847,239,32812715,0001-01-01T00:00:00Z,operating-systems
api-firewall,library,Official,0.7.3,2024-06-07T04:53:13Z,sha256:544e29204dd910f84dd1dd95010dc3b091e97b4d8fb31061bcf2e7d21d237095,14398551,50,37480,0001-01-01T00:00:00Z,api-management
api-firewall,library,Official,0.7.2,2024-04-17T18:07:22Z,sha256:9e9f0374b97c9f4ac63dbb702d4e1f776bc8488ade58ff4bf83922304f018770,14196600,50,37480,0001-01-01T00:00:00Z,api-management
api-firewall,library,Official,0.7.1,2024-04-17T18:07:14Z,sha256:529fc4694cabeb0ba9f0fefcc3605798f7cb51c5db2050a6933a496d298a630e,14196776,50,37480,0001-01-01T00:00:00Z,api-management
api-firewall,library,Official,0.7.0,2024-04-03T20:06:38Z,sha256:ac5aa2233184e52baf0a5b703019ba567467af41905aef8de217afe74ed1c41c,14157171,50,37480,0001-01-01T00:00:00Z,api-management
api-firewall,library,Official,0.6.17,2024-04-01T19:14:08Z,sha256:31f9be28ca06e197e3ab3838919f7707eded40f1adf7e9cbab6c567ba3735783,13630560,50,37480,0001-01-01T00:00:00Z,api-management
emqx,library,Official,5.7.0,2024-05-29T00:18:27Z,sha256:4750557065e94e53e0ec96f9a804c1bb4bc3c6001a5ef517f9b873eea886e0ae,125874711,81,1879708,0001-01-01T00:00:00Z,message-queues
emqx,library,Official,5.7,2024-05-29T00:18:26Z,sha256:4750557065e94e53e0ec96f9a804c1bb4bc3c6001a5ef517f9b873eea886e0ae,125874711,81,1879708,0001-01-01T00:00:00Z,message-queues
emqx,library,Official,5,2024-05-29T00:18:10Z,sha256:4750557065e94e53e0ec96f9a804c1bb4bc3c6001a5ef517f9b873eea886e0ae,125874711,81,1879708,0001-01-01T00:00:00Z,message-queues
emqx,library,Official,5.6.1,2024-05-14T03:32:05Z,sha256:29bf2b22da93132ed11e004502bfdba34b444917519fd58eed3f6c989be29253,124206364,81,1879708,0001-01-01T00:00:00Z,message-queues
emqx,library,Official,5.6,2024-05-14T03:32:03Z,sha256:29bf2b22da93132ed11e004502bfdba34b444917519fd58eed3f6c989be29253,124206364,81,1879708,0001-01-01T00:00:00Z,message-queues
satosa,library,Official,bookworm,2024-05-14T17:55:02Z,sha256:6373c08fc619ffa760761d4f44e9794f1d517d83b2191b5d39ad55662c48027a,90200554,12,298348,0001-01-01T00:00:00Z,api-management
satosa,library,Official,8.4.0-bookworm,2024-05-14T17:54:29Z,sha256:6373c08fc619ffa760761d4f44e9794f1d517d83b2191b5d39ad55662c48027a,90200554,12,298348,0001-01-01T00:00:00Z,api-management
satosa,library,Official,8.4.0,2024-05-14T17:54:22Z,sha256:6373c08fc619ffa760761d4f44e9794f1d517d83b2191b5d39ad55662c48027a,90200554,12,298348,0001-01-01T00:00:00Z,api-management
satosa,library,Official,8.4-bookworm,2024-05-14T17:54:19Z,sha256:6373c08fc619ffa760761d4f44e9794f1d517d83b2191b5d39ad55662c48027a,90200554,12,298348,0001-01-01T00:00:00Z,api-management
satosa,library,Official,8.4,2024-05-14T17:54:12Z,sha256:6373c08fc619ffa760761d4f44e9794f1d517d83b2191b5d39ad55662c48027a,90200554,12,298348,0001-01-01T00:00:00Z,api-management
unit,library,Official,php8.3,2024-06-07T09:17:39Z,sha256:b01c3970ae5300aa95970194e02fbb846f2fe20f2f9490162b468cba72c609a4,177753607,31,449766,0001-01-01T00:00:00Z,web-servers
unit,library,Official,php8.2,2024-06-07T09:17:38Z,sha256:a91f2f1e07247c4d0e10e5347b1888c93beee44f78c977d47b962dd383075e26,176929808,31,449766,0001-01-01T00:00:00Z,web-servers
unit,library,Official,php8,2024-06-07T09:17:36Z,sha256:b01c3970ae5300aa95970194e02fbb846f2fe20f2f9490162b468cba72c609a4,177753607,31,449766,0001-01-01T00:00:00Z,web-servers
unit,library,Official,php,2024-06-07T09:17:35Z,sha256:b01c3970ae5300aa95970194e02fbb846f2fe20f2f9490162b468cba72c609a4,177753607,31,449766,0001-01-01T00:00:00Z,web-servers
unit,library,Official,1.32.1-php8.3,2024-06-07T09:17:18Z,sha256:b01c3970ae5300aa95970194e02fbb846f2fe20f2f9490162b468cba72c609a4,177753607,31,449766,0001-01-01T00:00:00Z,web-servers
spark,library,Official,scala,2024-06-05T12:14:48Z,sha256:714636fb9784bb72b645321a4fdba1a80b58284d0e25bfb7cb5c125973ba4b4c,441114366,54,265294,0001-01-01T00:00:00Z,data-science
spark,library,Official,r,2024-06-05T12:14:46Z,sha256:cc5c9f88fcb7a7b6324bb2831111816b0e7b977284e0bf163acbbb853070e1b3,673411071,54,265294,0001-01-01T00:00:00Z,data-science
spark,library,Official,python3-java17,2024-06-05T12:14:45Z,sha256:e5fb09edd59083d5e0a566f74208d4e7352d8c5caaeccd5a7b079e1c956f5a12,558494620,54,265294,0001-01-01T00:00:00Z,data-science
spark,library,Official,python3,2024-06-05T12:14:43Z,sha256:b619106b005533f7322058211491b922184b79cf00f1f47db836b90bda550f0b,535722148,54,265294,0001-01-01T00:00:00Z,data-science
spark,library,Official,3.5.1-scala2.12-java17-ubuntu,2024-06-05T12:14:41Z,sha256:a2e3dd61abf509eee32966d24204bdb7bd1ef8e73f7a025de3cdad73c7729421,439982048,54,265294,0001-01-01T00:00:00Z,data-science
liquibase,library,Official,4.28.0,2024-06-05T11:18:42Z,sha256:971bb582e6c28970a5ff439e6c4f614c2f451bbbeb9c26702487764d56d859f3,205056107,0,4250,0001-01-01T00:00:00Z,developer-tools
liquibase,library,Official,4.28,2024-06-05T11:18:39Z,sha256:971bb582e6c28970a5ff439e6c4f614c2f451bbbeb9c26702487764d56d859f3,205056107,0,4250,0001-01-01T00:00:00Z,developer-tools
liquibase,library,Official,alpine,2024-05-23T19:48:42Z,sha256:963cdfc009335c7abd729f09260a0a98d201b3157c2c962e7a6d0142966134ca,180128000,0,4250,0001-01-01T00:00:00Z,developer-tools
liquibase,library,Official,4.28.0-alpine,2024-05-23T19:48:42Z,sha256:963cdfc009335c7abd729f09260a0a98d201b3157c2c962e7a6d0142966134ca,180128000,0,4250,0001-01-01T00:00:00Z,developer-tools
liquibase,library,Official,4.28-alpine,2024-05-23T19:48:39Z,sha256:963cdfc009335c7abd729f09260a0a98d201b3157c2c962e7a6d0142966134ca,180128000,0,4250,0001-01-01T00:00:00Z,developer-tools